,ts,contract_address,evt_tx_hash,evt_index,evt_block_time,evt_block_number,amount0,amount1,sender
0,2024-03-04 02:33:59,0xb4e16d0168e52d35cacd2c6185b44281ec28c9dc,0x138483cb996cf225b8dfd1aba389104aa9d25d3b9d536b582e4e7a1e12539312,244,2024-03-04 02:33:59.000 UTC,19358842.0,519402962,149000000000000000,0x7a250d5630b4cf539739df2c5dacb4c659f2488d
1,2024-03-13 16:20:35,0xb4e16d0168e52d35cacd2c6185b44281ec28c9dc,0xbb88386e6362dd459ef391d1522c30465fcd7ec9a95775b0318270bb1c9d362f,351,2024-03-13 16:20:35.000 UTC,19427297.0,397377513,99918257946846350,0x7a250d5630b4cf539739df2c5dacb4c659f2488d
2,2024-03-17 01:48:47,0xb4e16d0168e52d35cacd2c6185b44281ec28c9dc,0x1becd76c661d2939438957d6de0b197df60cc3caca412fc4d4f8b061777b12f5,889,2024-03-17 01:48:47.000 UTC,19451407.0,500000000,141229558033551590,0x7a250d5630b4cf539739df2c5dacb4c659f2488d
3,2024-03-17 09:38:35,0xb4e16d0168e52d35cacd2c6185b44281ec28c9dc,0xa12e94ee8e324ee2550c2dfb115282a5ef956d5c5d03a02bfff9501b797da221,212,2024-03-17 09:38:35.000 UTC,19453727.0,99985763,28088425836812669,0x7a250d5630b4cf539739df2c5dacb4c659f2488d
4,2024-03-17 09:38:59,0xb4e16d0168e52d35cacd2c6185b44281ec28c9dc,0x79560dd5f6f1315cf9a4f367d76d520738546451d10b006081aed1d7b1d8262a,102,2024-03-17 09:38:59.000 UTC,19453729.0,99985763,28088425836812669,0x7a250d5630b4cf539739df2c5dacb4c659f2488d
5,2024-03-17 09:39:11,0xb4e16d0168e52d35cacd2c6185b44281ec28c9dc,0xd14e21d89f255c30a81d029da4ad2af0fe2b537a06800a2fd5e8d370cedee9fc,71,2024-03-17 09:39:11.000 UTC,19453730.0,3559678410,999999999910736129,0x7a250d5630b4cf539739df2c5dacb4c659f2488d
6,2024-03-20 04:35:23,0xb4e16d0168e52d35cacd2c6185b44281ec28c9dc,0xec23bd90573f78dfb0a496dd3e9523d78efff22a5021df06bf64afe7b843092b,161,2024-03-20 04:35:23.000 UTC,19473570.0,4078615231,1304621229386308607,0x7a250d5630b4cf539739df2c5dacb4c659f2488d
7,2024-03-20 09:18:11,0xb4e16d0168e52d35cacd2c6185b44281ec28c9dc,0x4515b17c513ca596eeba5b1fa2fa677ec8ec72e9caa2c471a19223475d9feedf,153,2024-03-20 09:18:11.000 UTC,19474975.0,1497554435244,464960328215756587698,0x7a250d5630b4cf539739df2c5dacb4c659f2488d
8,2024-03-20 23:32:23,0xb4e16d0168e52d35cacd2c6185b44281ec28c9dc,0x63de5bdf7dd5c7980737a4a9d8534457e14f66ecd9090f50d231870e56b19b35,201,2024-03-20 23:32:23.000 UTC,19479203.0,371306516,105311195198509999,0x7a250d5630b4cf539739df2c5dacb4c659f2488d
9,2024-03-22 17:12:35,0xb4e16d0168e52d35cacd2c6185b44281ec28c9dc,0xd5f10d440a1e50d885961796f42bf0263608201770646ea87af72eab0160e709,276,2024-03-22 17:12:35.000 UTC,19491575.0,5000000,1504695310216803,0x7a250d5630b4cf539739df2c5dacb4c659f2488d
10,2024-03-23 01:26:59,0xb4e16d0168e52d35cacd2c6185b44281ec28c9dc,0xa902f39d9ac8368f22a8bcec8d5afbafa4b641ad8b05ce956db1ab12924da355,406,2024-03-23 01:26:59.000 UTC,19494022.0,10000000000,3003540874116556024,0x7a250d5630b4cf539739df2c5dacb4c659f2488d
11,2024-03-26 19:46:23,0xb4e16d0168e52d35cacd2c6185b44281ec28c9dc,0x204c3d025ebcbf78be7a41df08a388ea5dfc1d20454c20d4424ba9499459b562,184,2024-03-26 19:46:23.000 UTC,19520766.0,1000000,280367269927829,0x7a250d5630b4cf539739df2c5dacb4c659f2488d
12,2024-03-26 20:03:23,0xb4e16d0168e52d35cacd2c6185b44281ec28c9dc,0xa8b8adf0b4433401941391e8a50f846ffb01ccdfcb2b4254ad260cbc0fa45cd4,198,2024-03-26 20:03:23.000 UTC,19520850.0,1000000,280276988659745,0x7a250d5630b4cf539739df2c5dacb4c659f2488d
13,2024-03-27 19:52:11,0xb4e16d0168e52d35cacd2c6185b44281ec28c9dc,0xffb53d5eb8351169fbdfbda42de2c61ee32bf3b57db399dc122cd4f3ee514ee6,117,2024-03-27 19:52:11.000 UTC,19527754.0,4977511,1430862507624909,0x7a250d5630b4cf539739df2c5dacb4c659f2488d
14,2024-03-28 03:24:11,0xb4e16d0168e52d35cacd2c6185b44281ec28c9dc,0xfbaee32e06bc1744b9d8b0d3dc8fb7862fb906823a4f0c91aaf851db43459487,12,2024-03-28 03:24:11.000 UTC,19529916.0,3468937,996999799520052,0x7a250d5630b4cf539739df2c5dacb4c659f2488d
15,2024-03-29 11:01:47,0xb4e16d0168e52d35cacd2c6185b44281ec28c9dc,0xcc77b9c6b330debe42e0617e201a53be9385ff6930556823bef6a7028c386cdd,250,2024-03-29 11:01:47.000 UTC,19539233.0,54992000000,15515855188718490647,0x7a250d5630b4cf539739df2c5dacb4c659f2488d
16,2024-03-30 19:32:23,0xb4e16d0168e52d35cacd2c6185b44281ec28c9dc,0xec8f4aba82809508039fe5ab30057582ccb4c2581203e7db0f1a3623ba4728c4,148,2024-03-30 19:32:23.000 UTC,19548860.0,11092473907610,3168558615269248061089,0x7a250d5630b4cf539739df2c5dacb4c659f2488d
17,2024-03-31 05:05:47,0xb4e16d0168e52d35cacd2c6185b44281ec28c9dc,0x632cf4717bd2290f55c61f4223f228012ecb025ebc6549719af06847f4ec9efc,183,2024-03-31 05:05:47.000 UTC,19551691.0,10000000000,2828713729373187495,0x7a250d5630b4cf539739df2c5dacb4c659f2488d
18,2024-03-31 15:04:35,0xb4e16d0168e52d35cacd2c6185b44281ec28c9dc,0x20fdb9b992b875b7eb5f8a64e9d8c0eaafac0487bb31c11225c02e8dfe07b53b,516,2024-03-31 15:04:35.000 UTC,19554647.0,102617684,28257266192535005,0x7a250d5630b4cf539739df2c5dacb4c659f2488d
19,2024-03-31 16:41:23,0xb4e16d0168e52d35cacd2c6185b44281ec28c9dc,0x9ea49d8447a458804d31e875cf865a9d6d31ef3329235a3f22a48de1cd00a6f2,347,2024-03-31 16:41:23.000 UTC,19555122.0,1985525256,547456971378165031,0x7a250d5630b4cf539739df2c5dacb4c659f2488d
20,2024-04-03 10:41:11,0xb4e16d0168e52d35cacd2c6185b44281ec28c9dc,0xd3921916340b0ee9a10a8c06bbb02a686020169a650ab3e72914624cda3fae10,146,2024-04-03 10:41:11.000 UTC,19574715.0,260748332,78147767268081682,0x7a250d5630b4cf539739df2c5dacb4c659f2488d
21,2024-04-05 00:50:11,0xb4e16d0168e52d35cacd2c6185b44281ec28c9dc,0x422536e6a49c4525372a02921e340c6481de8fd393442f6e3000788a0e819d71,105,2024-04-05 00:50:11.000 UTC,19586079.0,10000000000,3013400169028924637,0x7a250d5630b4cf539739df2c5dacb4c659f2488d
22,2024-04-12 04:30:59,0xb4e16d0168e52d35cacd2c6185b44281ec28c9dc,0x435a9efbaccb41cf927eea05f2e67eb2a6374e2129c03997c9545a42859b8545,127,2024-04-12 04:30:59.000 UTC,19637154.0,10000000000,2830997251469188429,0x7a250d5630b4cf539739df2c5dacb4c659f2488d
23,2024-04-12 10:22:47,0xb4e16d0168e52d35cacd2c6185b44281ec28c9dc,0x6ec8c21f966b11c0c6e8d5979d7051be78b0e55c305bc770d5c4bc2ae176d642,436,2024-04-12 10:22:47.000 UTC,19638905.0,54894425,15600075678371908,0x7a250d5630b4cf539739df2c5dacb4c659f2488d
24,2024-04-12 13:31:23,0xb4e16d0168e52d35cacd2c6185b44281ec28c9dc,0x86af713a5d543d0ad00ffb95b212189446f477edd7dcab7b9a9c6d6eadc0db98,23,2024-04-12 13:31:23.000 UTC,19639840.0,694304,200000000000000,0x7a250d5630b4cf539739df2c5dacb4c659f2488d
25,2024-04-13 05:22:11,0xb4e16d0168e52d35cacd2c6185b44281ec28c9dc,0x3387a109d9a9666fc7b544f7478368268a1beb05c34b25a8c6ac407921b2ddc2,211,2024-04-13 05:22:11.000 UTC,19644540.0,974338738,298841852686771053,0x7a250d5630b4cf539739df2c5dacb4c659f2488d
26,2024-04-13 08:03:23,0xb4e16d0168e52d35cacd2c6185b44281ec28c9dc,0x447bac66cef5bdee834e53973306fa89179f23b2d12d5fd10f6739c8c8fc1572,285,2024-04-13 08:03:23.000 UTC,19645341.0,100,30713889509,0x7a250d5630b4cf539739df2c5dacb4c659f2488d
27,2024-04-15 00:05:59,0xb4e16d0168e52d35cacd2c6185b44281ec28c9dc,0x40bad609cc3f98f42a80653756409cd0540775fce6f2ab665bc1cf5106381abe,270,2024-04-15 00:05:59.000 UTC,19657230.0,31902165433,10125638460842824069,0x7a250d5630b4cf539739df2c5dacb4c659f2488d
28,2024-04-15 00:37:47,0xb4e16d0168e52d35cacd2c6185b44281ec28c9dc,0x1b3140c49fbb3774d96b523dfb89a7619d8b2562a3be9bac3e1fe055baeb2563,232,2024-04-15 00:37:47.000 UTC,19657387.0,3171194015,1015301846094653883,0x7a250d5630b4cf539739df2c5dacb4c659f2488d
29,2024-04-16 05:19:47,0xb4e16d0168e52d35cacd2c6185b44281ec28c9dc,0xe393b0d1c46123864b383af6ba96f595425488c50c057e9f2f13666edef354ed,195,2024-04-16 05:19:47.000 UTC,19665918.0,10000000000,3292579122517935610,0x7a250d5630b4cf539739df2c5dacb4c659f2488d
30,2024-04-17 01:49:23,0xb4e16d0168e52d35cacd2c6185b44281ec28c9dc,0x0eb3740f1566c1c846d6f3e2b921a85ce45d6de9b32a87658b36cb7932833313,247,2024-04-17 01:49:23.000 UTC,19672014.0,82187915568,26669250005783667000,0x7a250d5630b4cf539739df2c5dacb4c659f2488d
31,2024-04-18 13:04:23,0xb4e16d0168e52d35cacd2c6185b44281ec28c9dc,0x988ff62589ded7bda28a32d7e0101e374f23e26f9c62883bddeaa0dfafee92a5,346,2024-04-18 13:04:23.000 UTC,19682521.0,30249374,9996509497019408,0x7a250d5630b4cf539739df2c5dacb4c659f2488d
32,2024-04-19 04:33:23,0xb4e16d0168e52d35cacd2c6185b44281ec28c9dc,0x5f5114eeb4850f8f15acbd78f137ac34f64e1d97ef35ef67f2377ade737eae8f,233,2024-04-19 04:33:23.000 UTC,19687133.0,10000000000,3334234173840179954,0x7a250d5630b4cf539739df2c5dacb4c659f2488d
33,2024-04-20 23:58:59,0xb4e16d0168e52d35cacd2c6185b44281ec28c9dc,0x47075035a3b0c438e2fd274480c1f4b7f9d62c99b5b62fe66bcb0d011e1e4138,178,2024-04-20 23:58:59.000 UTC,19700057.0,150000,47626667372327,0x7a250d5630b4cf539739df2c5dacb4c659f2488d
34,2024-04-21 00:16:59,0xb4e16d0168e52d35cacd2c6185b44281ec28c9dc,0xf22088e21561398f1722a5c55c02b578b0a52cdabb58027aaef4a003fca9e792,457,2024-04-21 00:16:59.000 UTC,19700147.0,100000,31791845779961,0x7a250d5630b4cf539739df2c5dacb4c659f2488d
35,2024-04-22 01:02:47,0xb4e16d0168e52d35cacd2c6185b44281ec28c9dc,0x11d898aa24d5f08046425fe2038f15b3082a7093923ab7fcf0c6efbe7e9e989f,192,2024-04-22 01:02:47.000 UTC,19707533.0,7764969847581,2462301649709673660445,0x7a250d5630b4cf539739df2c5dacb4c659f2488d
36,2024-04-22 09:42:59,0xb4e16d0168e52d35cacd2c6185b44281ec28c9dc,0x18372da1c10e24a0394445185635b87f662db14193e23ea0d29c00fe4f0fef40,313,2024-04-22 09:42:59.000 UTC,19710114.0,10000000000,3113943279433798288,0x7a250d5630b4cf539739df2c5dacb4c659f2488d
37,2024-04-24 23:13:23,0xb4e16d0168e52d35cacd2c6185b44281ec28c9dc,0xdebbf555ee2414748a24ee55c5866fb3efb1bed8fed370eac7388c8b1e3b13ff,173,2024-04-24 23:13:23.000 UTC,19728432.0,7764969847581,2487977179075309140584,0x7a250d5630b4cf539739df2c5dacb4c659f2488d
38,2024-04-25 02:35:47,0xb4e16d0168e52d35cacd2c6185b44281ec28c9dc,0x250dc475b0c3f684f2068bc7b3e9a657bfd4710873cc3396dc16a17521c5242f,511,2024-04-25 02:35:47.000 UTC,19729438.0,5000000,1584560823720109,0x7a250d5630b4cf539739df2c5dacb4c659f2488d
39,2024-04-26 23:49:59,0xb4e16d0168e52d35cacd2c6185b44281ec28c9dc,0x00bdae08fdde0321a03a34d0fd065e360763a85b71b526e4b06f225bcf61edb6,234,2024-04-26 23:49:59.000 UTC,19742905.0,7764969847581,2485105734679891842726,0x7a250d5630b4cf539739df2c5dacb4c659f2488d
40,2024-04-29 01:28:59,0xb4e16d0168e52d35cacd2c6185b44281ec28c9dc,0x8d92a26f69396cdd589689964c33789bf890f8d50e3ea742718ee404caf4ebcb,160,2024-04-29 01:28:59.000 UTC,19757691.0,7764969847581,2372177220907154381153,0x7a250d5630b4cf539739df2c5dacb4c659f2488d
41,2024-04-29 16:12:47,0xb4e16d0168e52d35cacd2c6185b44281ec28c9dc,0x2e1e56075fd9d739c133ce3697164ef74c7fc696e3f0984720b868a45b6f59d2,220,2024-04-29 16:12:47.000 UTC,19762081.0,31814336,10000000000000000,0x7a250d5630b4cf539739df2c5dacb4c659f2488d
42,2024-05-01 01:57:59,0xb4e16d0168e52d35cacd2c6185b44281ec28c9dc,0x85036429e620ae40e74ef4fc9550fe726c8cc54ed1777684081a18985239a958,92,2024-05-01 01:57:59.000 UTC,19772148.0,7764969847581,2590098318787358846633,0x7a250d5630b4cf539739df2c5dacb4c659f2488d
43,2024-05-01 10:08:11,0xb4e16d0168e52d35cacd2c6185b44281ec28c9dc,0x4b1bd0c6c7bf77fe91378cb9ad4ad2b9ea8b8a4afc60f06fd7aa46ad36f62d33,260,2024-05-01 10:08:11.000 UTC,19774584.0,227192253967,79178288701153984964,0x7a250d5630b4cf539739df2c5dacb4c659f2488d
44,2024-05-01 10:13:11,0xb4e16d0168e52d35cacd2c6185b44281ec28c9dc,0xd691103bcb1646971831ae705b33d43e0c4dbd20f660abf4f76baa0421b6ce86,511,2024-05-01 10:13:11.000 UTC,19774608.0,46614055239,16269220599315929101,0x7a250d5630b4cf539739df2c5dacb4c659f2488d
45,2024-05-01 10:37:35,0xb4e16d0168e52d35cacd2c6185b44281ec28c9dc,0xceac030e10bb2d721d0f49185f301d1e949523a7e8f8aa0f92855126008c6216,221,2024-05-01 10:37:35.000 UTC,19774730.0,153368021437,53233164826788759843,0x7a250d5630b4cf539739df2c5dacb4c659f2488d
46,2024-05-02 02:18:47,0xb4e16d0168e52d35cacd2c6185b44281ec28c9dc,0xb324153a861ed8e9a949ef772825816a56650ccc09139fcb623fd84e2cc91db0,187,2024-05-02 02:18:47.000 UTC,19779410.0,467443583,160815238184180363,0x7a250d5630b4cf539739df2c5dacb4c659f2488d
47,2024-05-03 23:46:47,0xb4e16d0168e52d35cacd2c6185b44281ec28c9dc,0x86e8250640a13ce45067ba5228690f4af8eb002bbbddf98b2190dbd9753f67f5,127,2024-05-03 23:46:47.000 UTC,19792957.0,7764969847581,2495429347781191917931,0x7a250d5630b4cf539739df2c5dacb4c659f2488d
48,2024-05-04 19:31:59,0xb4e16d0168e52d35cacd2c6185b44281ec28c9dc,0x6f33d5d9bfdb2fc5e09d5968eb02ee3cc4cc04c0f87d2ab9835fa60ebb0fd52b,317,2024-05-04 19:31:59.000 UTC,19798848.0,1000000,320348799456943,0x7a250d5630b4cf539739df2c5dacb4c659f2488d
49,2024-05-06 08:13:23,0xb4e16d0168e52d35cacd2c6185b44281ec28c9dc,0xf0f19b2c06b6b7c0ac87faf08555406d9a55cd383b4dac007cf993436cff8515,136,2024-05-06 08:13:23.000 UTC,19809775.0,200000000,62902553937411013,0x7a250d5630b4cf539739df2c5dacb4c659f2488d
50,2024-05-06 14:54:23,0xb4e16d0168e52d35cacd2c6185b44281ec28c9dc,0xb8712197e4c6df958c4b0a8de201d68e235342b0e1ca36ee297fe6ac61700af6,220,2024-05-06 14:54:23.000 UTC,19811767.0,2000000,645161233250232,0x7a250d5630b4cf539739df2c5dacb4c659f2488d
51,2024-05-07 07:12:59,0xb4e16d0168e52d35cacd2c6185b44281ec28c9dc,0x69e7246ad7c085f6dbfeecebc532e65662217f98e347f25595dc7db7a7a9ddde,276,2024-05-07 07:12:59.000 UTC,19816620.0,3068871,1000000000000000,0x7a250d5630b4cf539739df2c5dacb4c659f2488d
52,2024-05-07 23:17:11,0xb4e16d0168e52d35cacd2c6185b44281ec28c9dc,0x2a7822160dee78704c1f2e619801319e29f835b85e5b9841c9386481e787c597,360,2024-05-07 23:17:11.000 UTC,19821411.0,7764969847581,2573589613104492982132,0x7a250d5630b4cf539739df2c5dacb4c659f2488d
53,2024-05-08 15:44:47,0xb4e16d0168e52d35cacd2c6185b44281ec28c9dc,0xa63c4b4c540de187a96e6e9b2788c080a7e9427d23a4be97f1c09628f2a6ceab,340,2024-05-08 15:44:47.000 UTC,19826315.0,14899969,4977009615665053,0x7a250d5630b4cf539739df2c5dacb4c659f2488d
54,2024-05-10 09:06:11,0xb4e16d0168e52d35cacd2c6185b44281ec28c9dc,0xc5d5d59ebc7ca13fe9568a21d3c6f05751cffe01f241cac3402470cef289b923,46,2024-05-10 09:06:11.000 UTC,19838631.0,1099959929394,362105543333844440680,0x7a250d5630b4cf539739df2c5dacb4c659f2488d
55,2024-05-11 01:11:35,0xb4e16d0168e52d35cacd2c6185b44281ec28c9dc,0x9b443bbda2cd8091483261dc55ca3d805b1885e88992865e593894fc35a2a9ee,193,2024-05-11 01:11:35.000 UTC,19843431.0,7764969847581,2662337358216298146921,0x7a250d5630b4cf539739df2c5dacb4c659f2488d
56,2024-05-11 12:54:11,0xb4e16d0168e52d35cacd2c6185b44281ec28c9dc,0x402c04f7815bcca24ebe12df7a4e1a5331d1de6f12163b3d6df0dcb044fc948b,133,2024-05-11 12:54:11.000 UTC,19846917.0,3542009269781,1220989684454178813718,0x7a250d5630b4cf539739df2c5dacb4c659f2488d
57,2024-05-11 16:27:11,0xb4e16d0168e52d35cacd2c6185b44281ec28c9dc,0xcd4c3a0ee4a20c6a87554e82b843d76481848df378f5d0d057adc87295652e0b,430,2024-05-11 16:27:11.000 UTC,19847975.0,500000000,171043361094811832,0x7a250d5630b4cf539739df2c5dacb4c659f2488d
58,2024-05-12 09:58:47,0xb4e16d0168e52d35cacd2c6185b44281ec28c9dc,0xe5d883410f98bd287a37203f4ee58d5a96008d3c5dcd58842a980d1998525739,263,2024-05-12 09:58:47.000 UTC,19853197.0,10000000000,3436924803353233291,0x7a250d5630b4cf539739df2c5dacb4c659f2488d
59,2024-05-13 23:45:23,0xb4e16d0168e52d35cacd2c6185b44281ec28c9dc,0xbf2cb271da2aab360477be0160eb873267e1536c0e163b8b54a24795d8a473dd,152,2024-05-13 23:45:23.000 UTC,19864460.0,7764969847581,2636951097265511984127,0x7a250d5630b4cf539739df2c5dacb4c659f2488d
60,2024-05-15 06:15:11,0xb4e16d0168e52d35cacd2c6185b44281ec28c9dc,0xdcf7d1fc953657f1ba95a98c553b80ff6677f487554a87f545888e616de73a63,177,2024-05-15 06:15:11.000 UTC,19873521.0,10000000000,3443910604049480083,0x7a250d5630b4cf539739df2c5dacb4c659f2488d
61,2024-05-15 18:30:47,0xb4e16d0168e52d35cacd2c6185b44281ec28c9dc,0xfa223babaaa9dedddc88a9651761cc85528952de67b4fd1602918447790ddec9,188,2024-05-15 18:30:47.000 UTC,19877187.0,6095075,2030628753942348,0x7a250d5630b4cf539739df2c5dacb4c659f2488d
62,2024-05-15 20:47:59,0xb4e16d0168e52d35cacd2c6185b44281ec28c9dc,0xb630b07062f6fc09e38d92a57ca7f13c5c021a96dca545aad4d7ddba67ec8746,426,2024-05-15 20:47:59.000 UTC,19877867.0,9999959,3303134839062900,0x7a250d5630b4cf539739df2c5dacb4c659f2488d
63,2024-05-16 22:21:23,0xb4e16d0168e52d35cacd2c6185b44281ec28c9dc,0xac6f5f479074465f7738d7c791d6ad9a03a51f3685ff1932cf2ca0b5054eb116,437,2024-05-16 22:21:23.000 UTC,19885485.0,10000000000,3411029722513787176,0x7a250d5630b4cf539739df2c5dacb4c659f2488d
64,2024-05-17 14:59:59,0xb4e16d0168e52d35cacd2c6185b44281ec28c9dc,0x8eee323038abe547d4a4e27bff0e5f64b01a8669b293cdb12bac08213f627247,160,2024-05-17 14:59:59.000 UTC,19890443.0,206047663,66788764360906980,0x7a250d5630b4cf539739df2c5dacb4c659f2488d
65,2024-05-17 15:40:23,0xb4e16d0168e52d35cacd2c6185b44281ec28c9dc,0x7a487c4d26897e706b95fce97608cf3024b92d898188bf5926cf5dbdc74cd091,228,2024-05-17 15:40:23.000 UTC,19890645.0,3108633,1000000000000000,0x7a250d5630b4cf539739df2c5dacb4c659f2488d
66,2024-05-17 17:50:23,0xb4e16d0168e52d35cacd2c6185b44281ec28c9dc,0x796b98a1bf022e849673f9a22a1a03397984562a574c3c37ff745138e83aa677,59,2024-05-17 17:50:23.000 UTC,19891289.0,2522822,814121751660782,0x7a250d5630b4cf539739df2c5dacb4c659f2488d
67,2024-05-18 01:22:59,0xb4e16d0168e52d35cacd2c6185b44281ec28c9dc,0x82e83b8d9b661f05acd4295f2c706e6465a52851f276f13c76654bf85d8e4432,262,2024-05-18 01:22:59.000 UTC,19893533.0,7764969847581,2511326881365815890167,0x7a250d5630b4cf539739df2c5dacb4c659f2488d
68,2024-05-19 08:21:35,0xb4e16d0168e52d35cacd2c6185b44281ec28c9dc,0x03a0e812233d430c133b016160ff02c0fb840b31601e73d460349696d11406b1,220,2024-05-19 08:21:35.000 UTC,19902758.0,7764969847581,2494713819324879880462,0x7a250d5630b4cf539739df2c5dacb4c659f2488d
69,2024-05-19 19:51:11,0xb4e16d0168e52d35cacd2c6185b44281ec28c9dc,0xb7de847eade4c196b21aa9a36dc2ca6275ed6a86b2f8c25b19864096f73f6772,91,2024-05-19 19:51:11.000 UTC,19906182.0,640354477,208499999733679236,0x7a250d5630b4cf539739df2c5dacb4c659f2488d
70,2024-05-20 07:34:47,0xb4e16d0168e52d35cacd2c6185b44281ec28c9dc,0x30b22163a2ebd00595a982c4a6de74574fb7886a8d133dfa3ae917c9d6f994c4,254,2024-05-20 07:34:47.000 UTC,19909680.0,9264192,3000000000000000,0x7a250d5630b4cf539739df2c5dacb4c659f2488d
71,2024-05-20 16:03:11,0xb4e16d0168e52d35cacd2c6185b44281ec28c9dc,0x1bed273b180ab71dee5599f7bad65a849148119a68da04a1c42c6c33b03ad260,932,2024-05-20 16:03:11.000 UTC,19912205.0,66882428,21452611931624462,0x7a250d5630b4cf539739df2c5dacb4c659f2488d
72,2024-05-21 22:56:59,0xb4e16d0168e52d35cacd2c6185b44281ec28c9dc,0x2708bd783a96d6970fbe0c7976891fd5a794b82d8b18872423047fc94daa2539,247,2024-05-21 22:56:59.000 UTC,19921408.0,7764969847581,2041215151652843062964,0x7a250d5630b4cf539739df2c5dacb4c659f2488d
73,2024-05-23 04:38:35,0xb4e16d0168e52d35cacd2c6185b44281ec28c9dc,0x1de5934312653bf5c6f79e629f697694e1c03a446b195b99b068d0b4aa7751dc,542,2024-05-23 04:38:35.000 UTC,19930245.0,10000000000,2648888395210061972,0x7a250d5630b4cf539739df2c5dacb4c659f2488d
74,2024-05-24 23:46:11,0xb4e16d0168e52d35cacd2c6185b44281ec28c9dc,0xd975c58a02a4f8f66f84ef1771382438044a45d88dc2d0760f17992177bf7236,283,2024-05-24 23:46:11.000 UTC,19943108.0,7764969847581,2082617500145010300255,0x7a250d5630b4cf539739df2c5dacb4c659f2488d
75,2024-05-25 14:09:23,0xb4e16d0168e52d35cacd2c6185b44281ec28c9dc,0xa85802ac8da2f8f2d6d475ef87934a20e047bede8164ec6990cec07f70c5366b,339,2024-05-25 14:09:23.000 UTC,19947394.0,1999875,534988005200977,0x7a250d5630b4cf539739df2c5dacb4c659f2488d
76,2024-05-25 14:11:23,0xb4e16d0168e52d35cacd2c6185b44281ec28c9dc,0x3aa90ab712f26abeab19702bce47fa739a6010713809128be59f4f35aca5a9bb,245,2024-05-25 14:11:23.000 UTC,19947403.0,1999740,535015259325346,0x7a250d5630b4cf539739df2c5dacb4c659f2488d
77,2024-05-26 03:17:23,0xb4e16d0168e52d35cacd2c6185b44281ec28c9dc,0x1aa2e417185f34b904d53e24397f65064f2cbdeb02f81454075cf07200b80ae0,168,2024-05-26 03:17:23.000 UTC,19951312.0,7764969847581,2076869682608977018531,0x7a250d5630b4cf539739df2c5dacb4c659f2488d
78,2024-05-28 00:13:35,0xb4e16d0168e52d35cacd2c6185b44281ec28c9dc,0xef8e5c37123486c669c43ae7bec3118db86d937aeb7813e5ffc3016ca0c7e416,442,2024-05-28 00:13:35.000 UTC,19964711.0,7764969847581,1999811951691869917971,0x7a250d5630b4cf539739df2c5dacb4c659f2488d
79,2024-05-29 23:09:59,0xb4e16d0168e52d35cacd2c6185b44281ec28c9dc,0x6a71dc6fb81fb45c24a0faa01c2ec9acbed1173b63fb98e43ee89b92ed536c41,231,2024-05-29 23:09:59.000 UTC,19978698.0,7764969847581,2056887973362570830927,0x7a250d5630b4cf539739df2c5dacb4c659f2488d
80,2024-05-30 19:44:35,0xb4e16d0168e52d35cacd2c6185b44281ec28c9dc,0x027e8dd5c7a6f2477d348045a1ee07441f55d683c5bcf99b4b54f0b3bc21946d,281,2024-05-30 19:44:35.000 UTC,19984819.0,1994514,528401585204756,0xc70150188142fbfcbb90db05bffc31bccded3da5
81,2024-05-30 23:31:59,0xb4e16d0168e52d35cacd2c6185b44281ec28c9dc,0x4322a7ceb4f04063792996810c87208e9fdc329513333f1bbaaaec5042c18039,313,2024-05-30 23:31:59.000 UTC,19985952.0,80000000,21305730973334409,0x7a250d5630b4cf539739df2c5dacb4c659f2488d
82,2024-05-31 11:24:11,0xb4e16d0168e52d35cacd2c6185b44281ec28c9dc,0xddee4276a9ade8315682edb17fb57f1f2768f8edda2485a6012abefa9e1d1530,306,2024-05-31 11:24:11.000 UTC,19989496.0,189172,49999906719131,0x7a250d5630b4cf539739df2c5dacb4c659f2488d
83,2024-05-31 12:22:11,0xb4e16d0168e52d35cacd2c6185b44281ec28c9dc,0xc311e7e5f043ced58ddcf89656b89292bf984c853f718a50e7550a4c59c4975a,802,2024-05-31 12:22:11.000 UTC,19989783.0,10000,2632252591163,0x7a250d5630b4cf539739df2c5dacb4c659f2488d
84,2024-05-31 23:07:47,0xb4e16d0168e52d35cacd2c6185b44281ec28c9dc,0xf762c5093f0645b24fe1c3b6c8246b68d36628861727d65d9556b2980d7e8830,166,2024-05-31 23:07:47.000 UTC,19992989.0,7764969847581,2058425562581217215495,0x7a250d5630b4cf539739df2c5dacb4c659f2488d
85,2024-06-02 23:42:59,0xb4e16d0168e52d35cacd2c6185b44281ec28c9dc,0xb009d54eba6b7f14701014527ecc51a9c98b0d5821dd1a48ef8995f4dd40a2e7,268,2024-06-02 23:42:59.000 UTC,20007492.0,7764969847581,2059151671191067095701,0x7a250d5630b4cf539739df2c5dacb4c659f2488d
86,2024-06-05 00:06:47,0xb4e16d0168e52d35cacd2c6185b44281ec28c9dc,0x9493b8697e45fa6d13197536393941d05ee1574351f17cfb4c911d3f108757ce,352,2024-06-05 00:06:47.000 UTC,20021935.0,7764969847581,2033181144865652188288,0x7a250d5630b4cf539739df2c5dacb4c659f2488d
87,2024-06-05 08:32:35,0xb4e16d0168e52d35cacd2c6185b44281ec28c9dc,0xd44fe97259490243e0ef3bbdba91248f3d8edb31806aefd453f2d47db3ff184f,346,2024-06-05 08:32:35.000 UTC,20024454.0,380480,99999989020351,0x7a250d5630b4cf539739df2c5dacb4c659f2488d
88,2024-06-05 08:38:47,0xb4e16d0168e52d35cacd2c6185b44281ec28c9dc,0xdfe071cfe4749a7f1098b6c2ec16b17871c38a63cb07d7e4cffe6d4827b3be7e,207,2024-06-05 08:38:47.000 UTC,20024484.0,380868,99999905125046,0x7a250d5630b4cf539739df2c5dacb4c659f2488d
89,2024-06-07 01:18:23,0xb4e16d0168e52d35cacd2c6185b44281ec28c9dc,0x812123215df9e46fae2a3c7f81e6707ba1f39d271123ae7e2b1cc98274b2feed,127,2024-06-07 01:18:23.000 UTC,20036617.0,7764969847581,2038285441588699573057,0x7a250d5630b4cf539739df2c5dacb4c659f2488d
90,2024-06-07 16:36:11,0xb4e16d0168e52d35cacd2c6185b44281ec28c9dc,0x7913603ae284dd568c432a2f48b057fc94e6b810e5202228c81d6f3b438ddd7b,26,2024-06-07 16:36:11.000 UTC,20041183.0,379220,99972147101551,0x7a250d5630b4cf539739df2c5dacb4c659f2488d
91,2024-06-08 13:16:11,0xb4e16d0168e52d35cacd2c6185b44281ec28c9dc,0x12fdebd324208e61caa2626aa265c2e81432ba59c5773d5eb4327569f6510eeb,625,2024-06-08 13:16:11.000 UTC,20047349.0,6999984,1903109246669667,0x7a250d5630b4cf539739df2c5dacb4c659f2488d
92,2024-06-08 23:42:35,0xb4e16d0168e52d35cacd2c6185b44281ec28c9dc,0xb06559c65a152e092f981b50196d66e5ddda036474f5f9996c4d5202b5ab5f3d,354,2024-06-08 23:42:35.000 UTC,20050465.0,7764969847581,2111637274354307425785,0x7a250d5630b4cf539739df2c5dacb4c659f2488d
93,2024-06-09 03:22:47,0xb4e16d0168e52d35cacd2c6185b44281ec28c9dc,0x6cad81b4db2bd61ef5755c1d9672ea636de005750850b5b7a8db9cd93cae729c,154,2024-06-09 03:22:47.000 UTC,20051554.0,9870117,2689074689612401,0x7a250d5630b4cf539739df2c5dacb4c659f2488d
94,2024-06-09 03:26:23,0xb4e16d0168e52d35cacd2c6185b44281ec28c9dc,0x869b99fd50c5eb7458a23c793c2e1b6880a9e76fc5a35b2d514bd31ee63c6bd7,257,2024-06-09 03:26:23.000 UTC,20051572.0,19847438,5407816063717932,0x7a250d5630b4cf539739df2c5dacb4c659f2488d
95,2024-06-11 04:37:59,0xb4e16d0168e52d35cacd2c6185b44281ec28c9dc,0x460f40c4b1b8810f8c6415a6661e858d8f1d1dc5864db51748fb0d17ae6f4ef1,458,2024-06-11 04:37:59.000 UTC,20066249.0,7764969847581,2188286913114593762656,0x7a250d5630b4cf539739df2c5dacb4c659f2488d
96,2024-06-11 07:50:11,0xb4e16d0168e52d35cacd2c6185b44281ec28c9dc,0x0a085717864af00da8b6f2e3c5cbc9576b068d9e675dfd32801121d93ca71115,215,2024-06-11 07:50:11.000 UTC,20067204.0,10000000000,2831406952246374748,0x7a250d5630b4cf539739df2c5dacb4c659f2488d
97,2024-06-12 05:58:59,0xb4e16d0168e52d35cacd2c6185b44281ec28c9dc,0x9da93486b49c691f91cc5a0d3bce87d47be53a222bdca37bbf4865a5ff6ea45d,445,2024-06-12 05:58:59.000 UTC,20073810.0,221678065,63062982600708469,0x7a250d5630b4cf539739df2c5dacb4c659f2488d
98,2024-06-12 09:19:23,0xb4e16d0168e52d35cacd2c6185b44281ec28c9dc,0x32547e170e0a37115de5448d07ecdf9ccfb91a1d549f5f87617898106f54a509,182,2024-06-12 09:19:23.000 UTC,20074807.0,6488155,1840819722267564,0x7a250d5630b4cf539739df2c5dacb4c659f2488d
99,2024-06-12 18:18:11,0xb4e16d0168e52d35cacd2c6185b44281ec28c9dc,0x4a6a062b4b6af5fa49008b9eaf42cfa59990b13d11045d91a2fa4d3ca3f4d7ab,520,2024-06-12 18:18:11.000 UTC,20077487.0,100000000,27878024372263133,0x7a250d5630b4cf539739df2c5dacb4c659f2488d
100,2024-06-12 20:29:23,0xb4e16d0168e52d35cacd2c6185b44281ec28c9dc,0xbc81949d9253a1374f012e012b019e86abd310d011ac4c341b541072c89c243f,334,2024-06-12 20:29:23.000 UTC,20078139.0,3542259,999999993766430,0x7a250d5630b4cf539739df2c5dacb4c659f2488d
101,2024-06-13 06:01:23,0xb4e16d0168e52d35cacd2c6185b44281ec28c9dc,0xc9321518ed63a61ea4c442c736d9859e6ce36a49b0ce22063236fab8bf6d73d7,142,2024-06-13 06:01:23.000 UTC,20080981.0,99973093,28498933178088066,0x7a250d5630b4cf539739df2c5dacb4c659f2488d
102,2024-06-13 11:25:47,0xb4e16d0168e52d35cacd2c6185b44281ec28c9dc,0x0a36d059c35df4f4a41ad1c5e461f79834e269110fcbb06c334dbcf961de9652,255,2024-06-13 11:25:47.000 UTC,20082589.0,1000,285877368839,0x7a250d5630b4cf539739df2c5dacb4c659f2488d
103,2024-06-13 23:42:11,0xb4e16d0168e52d35cacd2c6185b44281ec28c9dc,0xaf3363285caf528d109ce7d79fbcee2f7d2c5a73afbd49477a70306492d19163,95,2024-06-13 23:42:11.000 UTC,20086238.0,7764969847581,2238499390121126679218,0x7a250d5630b4cf539739df2c5dacb4c659f2488d
104,2024-06-14 15:30:59,0xb4e16d0168e52d35cacd2c6185b44281ec28c9dc,0x6a67095e7af15ca0c044637a4f90dfae64bfcfccff7aebb2cdba796001992f66,272,2024-06-14 15:30:59.000 UTC,20090955.0,9455529662,2717250921264085736,0xc70150188142fbfcbb90db05bffc31bccded3da5
105,2024-06-15 03:35:47,0xb4e16d0168e52d35cacd2c6185b44281ec28c9dc,0xfb4d7854c2ab4fb9a702af59ac3334d49c1d7bec8dfa1012160d55fd8e52a29a,323,2024-06-15 03:35:47.000 UTC,20094558.0,1000000,286980330612695,0x7a250d5630b4cf539739df2c5dacb4c659f2488d
106,2024-06-15 14:37:35,0xb4e16d0168e52d35cacd2c6185b44281ec28c9dc,0x6667e0747faf18d8d7ec2a583192dbbe77529e0ae29d19aa0d6c4b2faa6729d3,553,2024-06-15 14:37:35.000 UTC,20097834.0,59995996,16877142503693200,0x7a250d5630b4cf539739df2c5dacb4c659f2488d
107,2024-06-16 01:59:59,0xb4e16d0168e52d35cacd2c6185b44281ec28c9dc,0x456909b895ea4f7026d70f5d5cf5d267e78c7bd610c60ef09eb5130cfb256935,104,2024-06-16 01:59:59.000 UTC,20101224.0,7764969847581,2180332202636346748805,0x7a250d5630b4cf539739df2c5dacb4c659f2488d
108,2024-06-17 01:52:11,0xb4e16d0168e52d35cacd2c6185b44281ec28c9dc,0x14459a240ea030cc6f8c629664b569cd5262fcf29adbe07e56eeab69766b8ddb,322,2024-06-17 01:52:11.000 UTC,20108350.0,28000000,7757357856479064,0x7a250d5630b4cf539739df2c5dacb4c659f2488d
109,2024-06-18 05:58:11,0xb4e16d0168e52d35cacd2c6185b44281ec28c9dc,0x61b97555a0de605c2d30a69aa6b4b9bd8fb36489bb9ea335d6fcf1e3c69fe2bd,442,2024-06-18 05:58:11.000 UTC,20116713.0,7764969847581,2249126477818559226326,0x7a250d5630b4cf539739df2c5dacb4c659f2488d
110,2024-06-19 13:21:11,0xb4e16d0168e52d35cacd2c6185b44281ec28c9dc,0x0a5f082ab4431456e411d394b328bb682c76d78599a62cb05aa667359a1bc808,552,2024-06-19 13:21:11.000 UTC,20126049.0,35409024,10000000000000000,0x7a250d5630b4cf539739df2c5dacb4c659f2488d
111,2024-06-20 22:58:23,0xb4e16d0168e52d35cacd2c6185b44281ec28c9dc,0x7785a5cb5b8f6bd42d5842d0fa7124f014b30e51e1166ad19bd48a43d95c1149,204,2024-06-20 22:58:23.000 UTC,20136067.0,7764969847581,2205765137678175341198,0x7a250d5630b4cf539739df2c5dacb4c659f2488d
112,2024-06-21 11:09:35,0xb4e16d0168e52d35cacd2c6185b44281ec28c9dc,0xf2d7f6ae51516f5a26e275468dff9accda6ce82d6b59af14a519f6fc66fab7a0,304,2024-06-21 11:09:35.000 UTC,20139705.0,3495523,999947453287951,0x7a250d5630b4cf539739df2c5dacb4c659f2488d
113,2024-06-22 16:09:35,0xb4e16d0168e52d35cacd2c6185b44281ec28c9dc,0xd774e1fd46ad49cb4c330f0d3778fd6bde5b4b51d84ad4c463fbf3f67bb97ead,346,2024-06-22 16:09:35.000 UTC,20148341.0,499975242,142658238921877646,0x7a250d5630b4cf539739df2c5dacb4c659f2488d
114,2024-06-22 23:46:11,0xb4e16d0168e52d35cacd2c6185b44281ec28c9dc,0xd19e509d4cbe709258f8aba7f8f934c49e7a7203054549d69eab14e570b9b521,232,2024-06-22 23:46:11.000 UTC,20150608.0,7764969847581,2220437455438330632192,0x7a250d5630b4cf539739df2c5dacb4c659f2488d
115,2024-06-25 01:20:11,0xb4e16d0168e52d35cacd2c6185b44281ec28c9dc,0xe048bf5e1a73b91c817445d7f8b69a8924e7b49b386dde19f008451b84f3501b,88,2024-06-25 01:20:11.000 UTC,20165376.0,10000000000,2985842267344555238,0x7a250d5630b4cf539739df2c5dacb4c659f2488d
116,2024-06-25 17:41:47,0xb4e16d0168e52d35cacd2c6185b44281ec28c9dc,0x22d6e291df7c4674cf6d3ca2f62b6cb3ab099ffe1d39726f87aed15b9bc1e87a,1022,2024-06-25 17:41:47.000 UTC,20170256.0,99997776,29459093325656098,0x7a250d5630b4cf539739df2c5dacb4c659f2488d
117,2024-06-26 08:13:35,0xb4e16d0168e52d35cacd2c6185b44281ec28c9dc,0xaa2358603c14ff4d2f8279c4be90f5fb4e98100560b09dfcea62dbc9487d55a9,106,2024-06-26 08:13:35.000 UTC,20174594.0,10000000000,2943349812684684373,0x7a250d5630b4cf539739df2c5dacb4c659f2488d
118,2024-06-27 11:39:11,0xb4e16d0168e52d35cacd2c6185b44281ec28c9dc,0xd224678fb9038ac152b44ef4d28e31a7a08a6642c6bf170465d1b2729c291946,191,2024-06-27 11:39:11.000 UTC,20182781.0,100000,29415379579292,0x7a250d5630b4cf539739df2c5dacb4c659f2488d
119,2024-06-27 16:31:11,0xb4e16d0168e52d35cacd2c6185b44281ec28c9dc,0x2ef7ed7f3de714626e6d837a5e6748b54bb94bda26b34cdc5508d9c611b13d6c,114,2024-06-27 16:31:11.000 UTC,20184232.0,3039228,881999801224016,0x7a250d5630b4cf539739df2c5dacb4c659f2488d
120,2024-06-27 16:49:11,0xb4e16d0168e52d35cacd2c6185b44281ec28c9dc,0xf40ffe87a524c10b4c3d6fd769c60e466fa9b488e9a81d9192f6a6dcddaf4b26,330,2024-06-27 16:49:11.000 UTC,20184322.0,236460,68600000000000,0x7a250d5630b4cf539739df2c5dacb4c659f2488d
121,2024-06-27 20:29:59,0xb4e16d0168e52d35cacd2c6185b44281ec28c9dc,0xb0267f29f5ac5b176adb0dfcdecff5615c7e8262c25de87ee37d051245af2bc2,51,2024-06-27 20:29:59.000 UTC,20185421.0,3271,949812607878,0x7a250d5630b4cf539739df2c5dacb4c659f2488d
122,2024-06-27 23:57:59,0xb4e16d0168e52d35cacd2c6185b44281ec28c9dc,0xd916def35c4902e500edb155059b0b1822046e263551716785a54c337e972893,114,2024-06-27 23:57:59.000 UTC,20186452.0,7764969847581,2252464476006464444156,0x7a250d5630b4cf539739df2c5dacb4c659f2488d
123,2024-06-28 03:54:23,0xb4e16d0168e52d35cacd2c6185b44281ec28c9dc,0xc375538e053fa218a64943ee8e42d74435a169432f1d2e168be48c55873fbe8c,136,2024-06-28 03:54:23.000 UTC,20187628.0,966891202,280000000000000000,0x7a250d5630b4cf539739df2c5dacb4c659f2488d
124,2024-06-29 01:06:59,0xb4e16d0168e52d35cacd2c6185b44281ec28c9dc,0xd4945a7a3a6b31f0d43334dcbdcd390d837f89055307c68b47ad024fb31cef91,130,2024-06-29 01:06:59.000 UTC,20193956.0,10000000000,2961267819802420512,0x7a250d5630b4cf539739df2c5dacb4c659f2488d
125,2024-06-29 22:56:47,0xb4e16d0168e52d35cacd2c6185b44281ec28c9dc,0x0e98bcfc158a969169d10ffe1e6e1ac7fa3f2ab3d0166dcc9f3df18a44c0aa56,251,2024-06-29 22:56:47.000 UTC,20200466.0,10000000000,2963151991484147515,0x7a250d5630b4cf539739df2c5dacb4c659f2488d
126,2024-06-30 15:38:35,0xb4e16d0168e52d35cacd2c6185b44281ec28c9dc,0x6a9b934cf45bd9409607514b0b2f852a78569d63a87c182bfc3ee9132e15d169,179,2024-06-30 15:38:35.000 UTC,20205448.0,600000000,177042804143394558,0x7a250d5630b4cf539739df2c5dacb4c659f2488d
127,2024-06-30 23:50:59,0xb4e16d0168e52d35cacd2c6185b44281ec28c9dc,0xf5efbdd70eeee794ce29a96de4c746019c2d65e9eea2098d8df37e1a633af271,447,2024-06-30 23:50:59.000 UTC,20207903.0,7764969847581,2254791559908531120347,0x7a250d5630b4cf539739df2c5dacb4c659f2488d
128,2024-07-01 23:43:35,0xb4e16d0168e52d35cacd2c6185b44281ec28c9dc,0x66bcaada1ca536443bb369554c220bfb6113c50b5a34062d6121bda09f04b417,180,2024-07-01 23:43:35.000 UTC,20215030.0,7764969847581,2259237567243710509717,0x7a250d5630b4cf539739df2c5dacb4c659f2488d
129,2024-07-02 01:45:23,0xb4e16d0168e52d35cacd2c6185b44281ec28c9dc,0x0eb3a46e449df6f9ef9cf82a53197c081682cb444f94cb2432aa4e4404e79593,348,2024-07-02 01:45:23.000 UTC,20215637.0,22128875,6440792136772513,0x7a250d5630b4cf539739df2c5dacb4c659f2488d
130,2024-07-02 09:35:11,0xb4e16d0168e52d35cacd2c6185b44281ec28c9dc,0xabfd737d724c8ab8f80fa825b9fd17d6907d47bf319cbe0a41b8d33a4445c15c,482,2024-07-02 09:35:11.000 UTC,20217971.0,3436456,999955786325302,0x7a250d5630b4cf539739df2c5dacb4c659f2488d
131,2024-07-02 23:52:47,0xb4e16d0168e52d35cacd2c6185b44281ec28c9dc,0x4812b159ff46af8723d29fe408740264bcec3aefddd399c6c865167cd62fcbd1,192,2024-07-02 23:52:47.000 UTC,20222229.0,7764969847581,2271876029341702607734,0x7a250d5630b4cf539739df2c5dacb4c659f2488d
132,2024-07-03 07:08:35,0xb4e16d0168e52d35cacd2c6185b44281ec28c9dc,0x428070b0e3b3011f8c3e9657317419222a3bbca8b13b90112206514f9e06f274,220,2024-07-03 07:08:35.000 UTC,20224393.0,3359010,999993270725559,0x7a250d5630b4cf539739df2c5dacb4c659f2488d
133,2024-07-03 23:52:23,0xb4e16d0168e52d35cacd2c6185b44281ec28c9dc,0xa569b05fb5e49205e6a56833ee655344db4c0c288d6d5fe92c400bbc213c93e5,270,2024-07-03 23:52:23.000 UTC,20229388.0,7764969847581,2356345921087413104406,0x7a250d5630b4cf539739df2c5dacb4c659f2488d
134,2024-07-04 08:30:23,0xb4e16d0168e52d35cacd2c6185b44281ec28c9dc,0xfbb092cb6d765a95629bca86cf24f21e1770d87f9ad89150cd648f7f7908ade4,282,2024-07-04 08:30:23.000 UTC,20231966.0,1900000,597245439405529,0x7a250d5630b4cf539739df2c5dacb4c659f2488d
135,2024-07-04 09:12:35,0xb4e16d0168e52d35cacd2c6185b44281ec28c9dc,0x076f6b7e0aea482ab49103446b8252ee7f442d966e897e6365527bacecd0cdbc,455,2024-07-04 09:12:35.000 UTC,20232176.0,25435493,8104530223234940,0x7a250d5630b4cf539739df2c5dacb4c659f2488d
136,2024-07-05 12:17:35,0xb4e16d0168e52d35cacd2c6185b44281ec28c9dc,0xad7269ab056a8b503351a1ca3165b3e5291a397472e7b4521909dc874656b55b,235,2024-07-05 12:17:35.000 UTC,20240251.0,7764969847581,2638750664660403172206,0x7a250d5630b4cf539739df2c5dacb4c659f2488d
137,2024-07-06 05:40:47,0xb4e16d0168e52d35cacd2c6185b44281ec28c9dc,0xba8d70ee568352ed0a38cd8ff63330b803ba3a1ac3693676a4f8b5ffced99416,224,2024-07-06 05:40:47.000 UTC,20245445.0,10000000000,3366532012532115778,0x7a250d5630b4cf539739df2c5dacb4c659f2488d
138,2024-07-06 23:20:59,0xb4e16d0168e52d35cacd2c6185b44281ec28c9dc,0x48fcd3f9369277e7232f91b860f93c23c5881ee65446ccadd6002ebda2dca315,397,2024-07-06 23:20:59.000 UTC,20250718.0,30747,10018477024888,0x7a250d5630b4cf539739df2c5dacb4c659f2488d
139,2024-07-06 23:44:35,0xb4e16d0168e52d35cacd2c6185b44281ec28c9dc,0xe7f42013abf91ecb649b5da6d31e49cbcbdfcafe562f83d7250ccb6d7abe2258,257,2024-07-06 23:44:35.000 UTC,20250836.0,7764969847581,2530081425198095195563,0x7a250d5630b4cf539739df2c5dacb4c659f2488d
140,2024-07-07 23:21:35,0xb4e16d0168e52d35cacd2c6185b44281ec28c9dc,0x699c696e3aa8dba1b637ab13c5c239dff870b065ab81a9e02397b9a1b5327b61,336,2024-07-07 23:21:35.000 UTC,20257882.0,7764969847581,2641730201615566793363,0x7a250d5630b4cf539739df2c5dacb4c659f2488d
141,2024-07-08 23:48:47,0xb4e16d0168e52d35cacd2c6185b44281ec28c9dc,0x824d9668ac0065d4c02a757187942b58da44fef4b88a5807d276beee78b563a7,247,2024-07-08 23:48:47.000 UTC,20265161.0,7764969847581,2566374222082524543753,0x7a250d5630b4cf539739df2c5dacb4c659f2488d
142,2024-07-09 17:52:11,0xb4e16d0168e52d35cacd2c6185b44281ec28c9dc,0x509add24bec1f40ef3a03deea487ea59cd62027ceb659f881b7e1c70c1f11ab7,211,2024-07-09 17:52:11.000 UTC,20270545.0,999964,327341704344048,0x7a250d5630b4cf539739df2c5dacb4c659f2488d
143,2024-07-09 23:53:47,0xb4e16d0168e52d35cacd2c6185b44281ec28c9dc,0x05906ac503c40f2bca8731ba9dfc2569bbcdbc1d62b95734db07d6ddca824a54,149,2024-07-09 23:53:47.000 UTC,20272343.0,7764969847581,2533380065800698581699,0x7a250d5630b4cf539739df2c5dacb4c659f2488d
144,2024-07-10 00:35:47,0xb4e16d0168e52d35cacd2c6185b44281ec28c9dc,0x9921b66e899172804bedae5b13110b3da84ea92fe0fd594bdf635b8e7ced909c,183,2024-07-10 00:35:47.000 UTC,20272550.0,675949,221853145944351,0x7a250d5630b4cf539739df2c5dacb4c659f2488d
145,2024-07-11 00:48:23,0xb4e16d0168e52d35cacd2c6185b44281ec28c9dc,0x429b4c8ecac0304f3901a6160970f3c86fa3203b9f54734bc32fc292c954979c,362,2024-07-11 00:48:23.000 UTC,20279780.0,7764969847581,2509546059487330302235,0x7a250d5630b4cf539739df2c5dacb4c659f2488d
146,2024-07-11 13:25:35,0xb4e16d0168e52d35cacd2c6185b44281ec28c9dc,0xf1330853cf67f13ee4b6be3c77c47449906fa47859137b459b7f7a92099fd293,313,2024-07-11 13:25:35.000 UTC,20283550.0,142773307,44948268833347263,0x7a250d5630b4cf539739df2c5dacb4c659f2488d
147,2024-07-12 00:16:59,0xb4e16d0168e52d35cacd2c6185b44281ec28c9dc,0x96750cb369b8d9ed4f93b1b09c49517dfed5f8a963bdc6195d17e02cf137623b,199,2024-07-12 00:16:59.000 UTC,20286788.0,7764969847581,2509032551550174266653,0x7a250d5630b4cf539739df2c5dacb4c659f2488d
148,2024-07-12 07:52:35,0xb4e16d0168e52d35cacd2c6185b44281ec28c9dc,0xb3c702fdbca773ce339462f71638734c734f0df77d5b60fbd4f6684beaa3657f,109,2024-07-12 07:52:35.000 UTC,20289049.0,305897660,99999176596299992,0x7a250d5630b4cf539739df2c5dacb4c659f2488d
149,2024-07-13 00:06:59,0xb4e16d0168e52d35cacd2c6185b44281ec28c9dc,0x9a12c32cf4e17b288b79e2be62cbe5883d8751b84a9a3ae970e099210a2cdd26,427,2024-07-13 00:06:59.000 UTC,20293903.0,7764969847581,2483884177498387854745,0x7a250d5630b4cf539739df2c5dacb4c659f2488d
150,2024-07-13 16:57:47,0xb4e16d0168e52d35cacd2c6185b44281ec28c9dc,0x03b76a6d214191313957428895d619d6eabfa5e83fcc75c0a590cf8a12bff73a,205,2024-07-13 16:57:47.000 UTC,20298921.0,10000000000,3166283787381958570,0x7a250d5630b4cf539739df2c5dacb4c659f2488d
151,2024-07-14 10:28:11,0xb4e16d0168e52d35cacd2c6185b44281ec28c9dc,0x69239326237cf1ea91a87430a93ac559b24fcf3ec3d95ab3e750bb8a2bf73573,595,2024-07-14 10:28:11.000 UTC,20304145.0,10000000000,3123691347414248515,0x7a250d5630b4cf539739df2c5dacb4c659f2488d
152,2024-07-15 05:37:47,0xb4e16d0168e52d35cacd2c6185b44281ec28c9dc,0xddb1b8c5609b1dc1edf808675ecb6e83144c7e75202cbb1559f84c46cb5adcb5,245,2024-07-15 05:37:47.000 UTC,20309869.0,33353,9999802063708,0x7a250d5630b4cf539739df2c5dacb4c659f2488d
153,2024-07-15 11:14:23,0xb4e16d0168e52d35cacd2c6185b44281ec28c9dc,0x70baa771b3e2f051f68aed81823eb9db29f355f429d495895c3e067a4b4d724c,493,2024-07-15 11:14:23.000 UTC,20311543.0,7764969847581,2323602942982490570242,0x7a250d5630b4cf539739df2c5dacb4c659f2488d
154,2024-07-15 22:25:47,0xb4e16d0168e52d35cacd2c6185b44281ec28c9dc,0x1b63afb3cdb8a0b30f69642d0d95efc76ec1cae8c9ccdf86c5a213ece4ebf92b,285,2024-07-15 22:25:47.000 UTC,20314878.0,180000000,52099777467032934,0x7a250d5630b4cf539739df2c5dacb4c659f2488d
155,2024-07-16 20:29:11,0xb4e16d0168e52d35cacd2c6185b44281ec28c9dc,0x846c27fe21c875e8fd89e81e6a9ed33d39eb7ac627cda4fbbf5eeeea5355a598,1320,2024-07-16 20:29:11.000 UTC,20321467.0,213742557,61589145097375954,0x7a250d5630b4cf539739df2c5dacb4c659f2488d
156,2024-07-16 23:24:35,0xb4e16d0168e52d35cacd2c6185b44281ec28c9dc,0xc64313230238126c41404c5f242e66e58b4a3f5d204aecf9e0d28a8675141cd8,158,2024-07-16 23:24:35.000 UTC,20322343.0,7764969847581,2258636343357059790492,0x7a250d5630b4cf539739df2c5dacb4c659f2488d
157,2024-07-18 23:04:59,0xb4e16d0168e52d35cacd2c6185b44281ec28c9dc,0xe9c1081348f930098cdfc994840d44f97979e0b15e0445b07866357c61b1c126,557,2024-07-18 23:04:59.000 UTC,20336575.0,7764969847581,2263872836616900569239,0x7a250d5630b4cf539739df2c5dacb4c659f2488d
158,2024-07-19 23:53:47,0xb4e16d0168e52d35cacd2c6185b44281ec28c9dc,0xa45f72e5a49daf47c83d7dd1f29562f5cc8c3604a1dbdcd70ef59671a9a09f4d,307,2024-07-19 23:53:47.000 UTC,20343991.0,7764969847581,2210817945813412922934,0x7a250d5630b4cf539739df2c5dacb4c659f2488d
159,2024-07-20 20:22:23,0xb4e16d0168e52d35cacd2c6185b44281ec28c9dc,0x84aa1eabbfe641ccee994fe086792bfc9576c92da59fd4e60e96a6f5c10b0735,628,2024-07-20 20:22:23.000 UTC,20350103.0,10000000,2843361649462481,0x7a250d5630b4cf539739df2c5dacb4c659f2488d
160,2024-07-20 20:23:59,0xb4e16d0168e52d35cacd2c6185b44281ec28c9dc,0xe2585d65d8e721734be39f5834e80558259132f830041802cc9f1054f15f6a42,300,2024-07-20 20:23:59.000 UTC,20350111.0,981881,279208633861825,0x7a250d5630b4cf539739df2c5dacb4c659f2488d
161,2024-07-20 20:29:59,0xb4e16d0168e52d35cacd2c6185b44281ec28c9dc,0x728c1a72c3907b847cfbfc9c7babebabcdd8d48f4bf8c4c71f090e7131c1177d,193,2024-07-20 20:29:59.000 UTC,20350141.0,6,1705759690,0x7a250d5630b4cf539739df2c5dacb4c659f2488d
162,2024-07-21 00:19:35,0xb4e16d0168e52d35cacd2c6185b44281ec28c9dc,0x32e6bc10e3ff2d805ff7d7bade4b9b42b389e447f6c873bc8feaaffaa0252160,209,2024-07-21 00:19:35.000 UTC,20351283.0,7764969847581,2205837763947007839049,0x7a250d5630b4cf539739df2c5dacb4c659f2488d
163,2024-07-22 01:44:11,0xb4e16d0168e52d35cacd2c6185b44281ec28c9dc,0xb7803b7c821d1a43a209da9028e7230d3c7bd804d6509ac39bcb55b1b2fe2ce0,749,2024-07-22 01:44:11.000 UTC,20358869.0,7764969847581,2198341537361976744838,0x7a250d5630b4cf539739df2c5dacb4c659f2488d
164,2024-07-22 10:09:47,0xb4e16d0168e52d35cacd2c6185b44281ec28c9dc,0x380a27f28d185a52277a509cf60d2a05f8ba1345c391bfa9ca5dee2ec7c959d8,275,2024-07-22 10:09:47.000 UTC,20361382.0,17422877,4999999972523743,0x7a250d5630b4cf539739df2c5dacb4c659f2488d
165,2024-07-22 23:38:47,0xb4e16d0168e52d35cacd2c6185b44281ec28c9dc,0x4561bd85f8c1b490bd5c85c1437df9addd977cd2a9c1ba43cf62fe26de3a7514,233,2024-07-22 23:38:47.000 UTC,20365404.0,7764969847581,2259606676575329074275,0x7a250d5630b4cf539739df2c5dacb4c659f2488d
166,2024-07-23 23:55:47,0xb4e16d0168e52d35cacd2c6185b44281ec28c9dc,0xfda08c7a3988d5b887f5ea85128d3bb7a9bb02aa5fa87a921175c5b6c631f042,192,2024-07-23 23:55:47.000 UTC,20372654.0,7764969847581,2229080611044684501488,0x7a250d5630b4cf539739df2c5dacb4c659f2488d
167,2024-07-24 07:57:11,0xb4e16d0168e52d35cacd2c6185b44281ec28c9dc,0x6971c11e6376fd293dbff615e5aa248acf182ed60553b31123ed07d0346b4451,58,2024-07-24 07:57:11.000 UTC,20375050.0,2330116,676902504488794,0x7bf8b4b9a74d5e55f022f3f311eda6142426e783
168,2024-07-24 10:34:11,0xb4e16d0168e52d35cacd2c6185b44281ec28c9dc,0x2c1d73c0177946751f5cbd5a03db02039fb9b42dfdd3fe944af50e124f77cbaa,143,2024-07-24 10:34:11.000 UTC,20375834.0,2366620389,684062776227275916,0x7a250d5630b4cf539739df2c5dacb4c659f2488d
169,2024-07-24 23:48:59,0xb4e16d0168e52d35cacd2c6185b44281ec28c9dc,0xfa9a889e9d65feb32bdcc412cf3ecd93daa7274f5c8d250ac0f06d375876c97c,274,2024-07-24 23:48:59.000 UTC,20379784.0,7764969847581,2335102554599724553843,0x7a250d5630b4cf539739df2c5dacb4c659f2488d
170,2024-07-25 20:41:59,0xb4e16d0168e52d35cacd2c6185b44281ec28c9dc,0x75e1e482d6152a7212befd02a5197f387aeac170a66d9b4cb04a8806bcc0a877,584,2024-07-25 20:41:59.000 UTC,20386017.0,1854018333,594629186270946181,0x7a250d5630b4cf539739df2c5dacb4c659f2488d
171,2024-07-25 22:13:35,0xb4e16d0168e52d35cacd2c6185b44281ec28c9dc,0x6251c2afb5b3108b2d92bc15a39ed74db9a8637cd6c657feb3da5d1977b68f9b,201,2024-07-25 22:13:35.000 UTC,20386471.0,249628236,78595501213629791,0x7a250d5630b4cf539739df2c5dacb4c659f2488d
172,2024-07-25 23:52:47,0xb4e16d0168e52d35cacd2c6185b44281ec28c9dc,0xa9b80ab5341f96400cdc8dc5e883f8c2f4a5f9f9b52ed3fcbcf51e7b05f1585d,259,2024-07-25 23:52:47.000 UTC,20386964.0,7764969847581,2448749246872526792392,0x7a250d5630b4cf539739df2c5dacb4c659f2488d
173,2024-07-26 00:20:47,0xb4e16d0168e52d35cacd2c6185b44281ec28c9dc,0xf2fb5e1419202dcd8b24aeec45117c3b3c25608f6e03734237418f3e5a255f41,297,2024-07-26 00:20:47.000 UTC,20387102.0,15894712125,4999999999957632186,0x7a250d5630b4cf539739df2c5dacb4c659f2488d
174,2024-07-26 20:58:59,0xb4e16d0168e52d35cacd2c6185b44281ec28c9dc,0x5e6bd7b2616ecdefe7311cdca33bffcc2028f472f69d818b1910767cf435fa4a,458,2024-07-26 20:58:59.000 UTC,20393262.0,5999401,1839919370547049,0x7a250d5630b4cf539739df2c5dacb4c659f2488d
175,2024-07-26 23:50:35,0xb4e16d0168e52d35cacd2c6185b44281ec28c9dc,0xf7be9023c7c009ba013353e0ab4da05a9cdf60c5abfef661287eca2e1a5b3c14,170,2024-07-26 23:50:35.000 UTC,20394114.0,7764969847581,2367957480815717732133,0x7a250d5630b4cf539739df2c5dacb4c659f2488d
176,2024-07-27 23:51:47,0xb4e16d0168e52d35cacd2c6185b44281ec28c9dc,0x2cc9d3b01b3d51bbf5c4dc913609b9d9ffc19df120655dc110859c4d3ed4de70,245,2024-07-27 23:51:47.000 UTC,20401281.0,7764969847581,2381770454644632620018,0x7a250d5630b4cf539739df2c5dacb4c659f2488d
177,2024-07-28 08:11:11,0xb4e16d0168e52d35cacd2c6185b44281ec28c9dc,0xf4cb3d95c17d6af83f3d3f7643cf703cfadf7df69a7fa90f0cefd30fb486fd97,98,2024-07-28 08:11:11.000 UTC,20403766.0,10000000000,3103806774037145063,0x7a250d5630b4cf539739df2c5dacb4c659f2488d
178,2024-07-29 00:18:11,0xb4e16d0168e52d35cacd2c6185b44281ec28c9dc,0x95b8cad9813711f3704603040fdd8e9c68292841bd06bc8a4acbfd6c84f301fe,194,2024-07-29 00:18:11.000 UTC,20408588.0,7764969847581,2365297041091600147331,0x7a250d5630b4cf539739df2c5dacb4c659f2488d
179,2024-07-29 23:50:59,0xb4e16d0168e52d35cacd2c6185b44281ec28c9dc,0x195442dba39668bc90cf6569f9dd9d77c40c4dc98ab633f8c1fbf48d57e105ec,30,2024-07-29 23:50:59.000 UTC,20415624.0,7764969847581,2337152445176369548446,0x7a250d5630b4cf539739df2c5dacb4c659f2488d
180,2024-07-30 03:13:47,0xb4e16d0168e52d35cacd2c6185b44281ec28c9dc,0xf179aadd9678a2c9b0b6c458074a86fe7a1d69186d28adffe1db59418f74c03c,412,2024-07-30 03:13:47.000 UTC,20416627.0,99771380,30153085921841427,0x7a250d5630b4cf539739df2c5dacb4c659f2488d
181,2024-07-30 04:59:47,0xb4e16d0168e52d35cacd2c6185b44281ec28c9dc,0x818337241144c3b21d2ceaf30ac278f8d987c553aa7d92266f8c97aa48a1cd53,391,2024-07-30 04:59:47.000 UTC,20417155.0,33154,9999836462331,0x7a250d5630b4cf539739df2c5dacb4c659f2488d
182,2024-07-30 23:54:35,0xb4e16d0168e52d35cacd2c6185b44281ec28c9dc,0x5c6cb0cc022f4d1a0314c96b525875776b235ce303a77e2ddcdf476039463674,399,2024-07-30 23:54:35.000 UTC,20422781.0,7764969847581,2368844652209974644621,0x7a250d5630b4cf539739df2c5dacb4c659f2488d
183,2024-07-31 23:55:47,0xb4e16d0168e52d35cacd2c6185b44281ec28c9dc,0xfab929d4d8908e53efe995c18f52e8458f7c5e45e331b142bf46dbc5dcf97855,340,2024-07-31 23:55:47.000 UTC,20429952.0,7764969847581,2403650359455385155639,0x7a250d5630b4cf539739df2c5dacb4c659f2488d
184,2024-08-02 01:25:59,0xb4e16d0168e52d35cacd2c6185b44281ec28c9dc,0x1ac39ebbadf8a9626ee587f6971c07880c95cb268945658c91f7e21b93e6f7b7,307,2024-08-02 01:25:59.000 UTC,20437564.0,7764969847581,2443498030674431049778,0x7a250d5630b4cf539739df2c5dacb4c659f2488d
185,2024-08-02 14:11:11,0xb4e16d0168e52d35cacd2c6185b44281ec28c9dc,0x3ea5d3545207dc51a5fbef436a467dedaf6adcc149030cf0e2450d2382bbf737,181,2024-08-02 14:11:11.000 UTC,20441371.0,150000000,47662031007096215,0x7a250d5630b4cf539739df2c5dacb4c659f2488d
186,2024-08-03 00:19:47,0xb4e16d0168e52d35cacd2c6185b44281ec28c9dc,0x6ffaaed98c6b45c01259056279d121033f5c17ab6953add9302fd4d5ffba3953,312,2024-08-03 00:19:47.000 UTC,20444393.0,7764969847581,2596752630977554791647,0x7a250d5630b4cf539739df2c5dacb4c659f2488d
187,2024-08-03 15:21:23,0xb4e16d0168e52d35cacd2c6185b44281ec28c9dc,0x6070fa7b5fa7689fc438a48b96d17c81d4ea221ea9872d5a677d09ba20366ef6,378,2024-08-03 15:21:23.000 UTC,20448877.0,2724424,909947839428412,0x7a250d5630b4cf539739df2c5dacb4c659f2488d
188,2024-08-03 15:21:35,0xb4e16d0168e52d35cacd2c6185b44281ec28c9dc,0x4f3c62bc1e1561b1b08e4122b8b88887c630b5fbc127cd40edefc7ae8bde714d,469,2024-08-03 15:21:35.000 UTC,20448878.0,2722039,910000000000000,0x7a250d5630b4cf539739df2c5dacb4c659f2488d
189,2024-08-03 23:53:47,0xb4e16d0168e52d35cacd2c6185b44281ec28c9dc,0xe072bbb5adf06a40bef8721ca5696b32b5b45cdfe2082da59f8abf133096debd,280,2024-08-03 23:53:47.000 UTC,20451428.0,7764969847581,2671507893611134200349,0x7a250d5630b4cf539739df2c5dacb4c659f2488d
190,2024-08-04 22:30:47,0xb4e16d0168e52d35cacd2c6185b44281ec28c9dc,0xeb012b4d3157531bd2533e610b85627bf37679193e070fe06b06a634c54e9ca1,305,2024-08-04 22:30:47.000 UTC,20458192.0,10,3657015263,0x7a250d5630b4cf539739df2c5dacb4c659f2488d
191,2024-08-04 23:59:35,0xb4e16d0168e52d35cacd2c6185b44281ec28c9dc,0x69f612e9606df2d8e947aa38651c33112241ceefce13ab4bcf51f9dbae604819,424,2024-08-04 23:59:35.000 UTC,20458635.0,7764969847581,2896656178789049911169,0x7a250d5630b4cf539739df2c5dacb4c659f2488d
192,2024-08-05 18:08:59,0xb4e16d0168e52d35cacd2c6185b44281ec28c9dc,0x4053ce12e70e57b112fbd72eccdb8d8bb9a26a64b003936a0c64e532997e3c3b,198,2024-08-05 18:08:59.000 UTC,20464060.0,45000000,18226090173557960,0x7a250d5630b4cf539739df2c5dacb4c659f2488d
193,2024-08-05 19:33:59,0xb4e16d0168e52d35cacd2c6185b44281ec28c9dc,0x5ba24d318f4e5bc5894325510e51292b7c71459938aaa03678df1bce5436095d,183,2024-08-05 19:33:59.000 UTC,20464483.0,12000362,5000000000000000,0x7a250d5630b4cf539739df2c5dacb4c659f2488d
194,2024-08-05 23:46:11,0xb4e16d0168e52d35cacd2c6185b44281ec28c9dc,0xe788eb0c001077fbca6befff21ef3ed29ae7cac36fdc43c94f2638060edb8ac8,766,2024-08-05 23:46:11.000 UTC,20465737.0,7764969847581,3180775820754839633111,0x7a250d5630b4cf539739df2c5dacb4c659f2488d
195,2024-08-06 10:52:11,0xb4e16d0168e52d35cacd2c6185b44281ec28c9dc,0xe465cfe40b621da03bd4848311873cfb810b5dbaa8a5aeec0b6ada650e58b6c5,339,2024-08-06 10:52:11.000 UTC,20469050.0,52884377,21509551166019096,0x7a250d5630b4cf539739df2c5dacb4c659f2488d
196,2024-08-06 13:14:23,0xb4e16d0168e52d35cacd2c6185b44281ec28c9dc,0x3f6782edc0dc491542329f6884b2c188d9ab22940fbff141ad7bc1533042c832,88,2024-08-06 13:14:23.000 UTC,20469760.0,10000000,4097145598711243,0x7a250d5630b4cf539739df2c5dacb4c659f2488d
197,2024-08-06 23:46:35,0xb4e16d0168e52d35cacd2c6185b44281ec28c9dc,0xac446a85f65d73a5857dbfc96123c42ef7e26cd497dc0c2b9b7cf1da744556a5,215,2024-08-06 23:46:35.000 UTC,20472903.0,7764969847581,3163722542355549812575,0x7a250d5630b4cf539739df2c5dacb4c659f2488d
198,2024-08-07 19:11:59,0xb4e16d0168e52d35cacd2c6185b44281ec28c9dc,0xbe29cd1f9bc4e148ad018a1967a776eb6f352532841a1245033d210d4c9fd579,444,2024-08-07 19:11:59.000 UTC,20478706.0,3106687765,1319309363782833947,0x7a250d5630b4cf539739df2c5dacb4c659f2488d
199,2024-08-08 00:18:11,0xb4e16d0168e52d35cacd2c6185b44281ec28c9dc,0x7c7075c2d383d4595cfd78aaaaf55a9e175a81fbda7d9f37265927e96dd54c30,326,2024-08-08 00:18:11.000 UTC,20480231.0,7764969847581,3305838574086758028384,0x7a250d5630b4cf539739df2c5dacb4c659f2488d
200,2024-08-08 08:13:23,0xb4e16d0168e52d35cacd2c6185b44281ec28c9dc,0x7532d613f2eaec87bab54b5e570d1112b5cd973a9073cbe7d9f0735bb43261fd,165,2024-08-08 08:13:23.000 UTC,20482597.0,9997980,4135206566852006,0x7a250d5630b4cf539739df2c5dacb4c659f2488d
201,2024-08-08 23:55:23,0xb4e16d0168e52d35cacd2c6185b44281ec28c9dc,0xfe0e64291aadb79e36258d7f726c30bd3435243a2ff6faa96c274b16589f1ad4,199,2024-08-08 23:55:23.000 UTC,20487293.0,7764969847581,2894094213419413545025,0x7a250d5630b4cf539739df2c5dacb4c659f2488d
202,2024-08-09 23:55:59,0xb4e16d0168e52d35cacd2c6185b44281ec28c9dc,0xc9af33dc2330cdb25a998cd2c76d884737ab21f3d629a3606ababefbf6af0485,67,2024-08-09 23:55:59.000 UTC,20494464.0,7764969847581,2993636057317984678361,0x7a250d5630b4cf539739df2c5dacb4c659f2488d
203,2024-08-10 19:19:23,0xb4e16d0168e52d35cacd2c6185b44281ec28c9dc,0x18e0522f1f5e21c06138b88a2e0c0ab36acdda8eebefa2dbbb14b1c4d878bf5a,97,2024-08-10 19:19:23.000 UTC,20500260.0,1000000,384021080881384,0x7a250d5630b4cf539739df2c5dacb4c659f2488d
204,2024-08-10 23:48:23,0xb4e16d0168e52d35cacd2c6185b44281ec28c9dc,0x1d248ed2a3a7cf89044217c1c9215950fe31883bb0de6c0586930126995fcd06,188,2024-08-10 23:48:23.000 UTC,20501596.0,7764969847581,2980866302317030620401,0x7a250d5630b4cf539739df2c5dacb4c659f2488d
205,2024-08-11 12:41:11,0xb4e16d0168e52d35cacd2c6185b44281ec28c9dc,0x06760bee2e1b9259093cc17ae5f2c9ea3cef1ae207622a99b54feda1bd3d26ea,266,2024-08-11 12:41:11.000 UTC,20505433.0,264133,99999807679619,0x7a250d5630b4cf539739df2c5dacb4c659f2488d
206,2024-08-12 00:00:35,0xb4e16d0168e52d35cacd2c6185b44281ec28c9dc,0x1a2eb36a6e2ff2df4a464127ef014f0f0e42c35481b2c661969cf86c526ff7f2,531,2024-08-12 00:00:35.000 UTC,20508816.0,7764969847581,3033044153255046331938,0x7a250d5630b4cf539739df2c5dacb4c659f2488d
207,2024-08-12 23:58:59,0xb4e16d0168e52d35cacd2c6185b44281ec28c9dc,0xfbc243bfa70fad720021ab1108dbf7564b9822b48addbb0c047123ff5896c887,231,2024-08-12 23:58:59.000 UTC,20515975.0,7764969847581,2844459849840664826985,0x7a250d5630b4cf539739df2c5dacb4c659f2488d
208,2024-08-14 00:06:23,0xb4e16d0168e52d35cacd2c6185b44281ec28c9dc,0x3474372cccb51096c7d1ecf0681230ae498655c8dbea722b3ec2495d1132617c,174,2024-08-14 00:06:23.000 UTC,20523179.0,7764969847581,2873639033686156289130,0x7a250d5630b4cf539739df2c5dacb4c659f2488d
209,2024-08-14 03:25:47,0xb4e16d0168e52d35cacd2c6185b44281ec28c9dc,0xe6b4be4b40ffb77ee093854152014a3bf78e42a19c9f27e1439c2175ed2565ac,183,2024-08-14 03:25:47.000 UTC,20524171.0,7253550,2679111104218719,0x7a250d5630b4cf539739df2c5dacb4c659f2488d
210,2024-08-14 23:10:23,0xb4e16d0168e52d35cacd2c6185b44281ec28c9dc,0x3f23a6b511c7309a8cb22d51b103426f385abf4f6c5904691dd3f1277697edc4,203,2024-08-14 23:10:23.000 UTC,20530063.0,49724818,18666759760302968,0x7a250d5630b4cf539739df2c5dacb4c659f2488d
211,2024-08-14 23:55:35,0xb4e16d0168e52d35cacd2c6185b44281ec28c9dc,0x921034f8d85f8628b814dd66c243b2e19ec0d69ea01b55118c3f5f5f4f7ed160,398,2024-08-14 23:55:35.000 UTC,20530287.0,7764969847581,2911727586459929407348,0x7a250d5630b4cf539739df2c5dacb4c659f2488d
212,2024-08-15 09:20:47,0xb4e16d0168e52d35cacd2c6185b44281ec28c9dc,0xb96ad6135f623365bb82201c5d30a50c65a812631f81a7885255f2d365938653,129,2024-08-15 09:20:47.000 UTC,20533098.0,5000000,1907066102894841,0x7a250d5630b4cf539739df2c5dacb4c659f2488d
213,2024-08-15 23:54:59,0xb4e16d0168e52d35cacd2c6185b44281ec28c9dc,0xf1a58ad3f9012871c9cc9cc7f193831cc4c97a1c67f89deb6cf295c1ac574e16,298,2024-08-15 23:54:59.000 UTC,20537437.0,7764969847581,3015159677204084761742,0x7a250d5630b4cf539739df2c5dacb4c659f2488d
214,2024-08-16 23:55:59,0xb4e16d0168e52d35cacd2c6185b44281ec28c9dc,0x79540a333b49dd733ef9859656394f91d55504a4b4b29319625e52a137bf082a,289,2024-08-16 23:55:59.000 UTC,20544608.0,7764969847581,2994477584496256400689,0x7a250d5630b4cf539739df2c5dacb4c659f2488d
215,2024-08-17 23:59:11,0xb4e16d0168e52d35cacd2c6185b44281ec28c9dc,0xb21f6a90787ac9898f6afa0dbdba1a0706d193a7a48f51b156789a96871f50a2,157,2024-08-17 23:59:11.000 UTC,20551779.0,7764969847581,2977914604565024981240,0x7a250d5630b4cf539739df2c5dacb4c659f2488d
216,2024-08-18 01:28:23,0xb4e16d0168e52d35cacd2c6185b44281ec28c9dc,0x09d197287748c880434613fae30d0abe7b2d871b17f0f7606d139f60b83c7795,91,2024-08-18 01:28:23.000 UTC,20552225.0,5816760,2223245535084503,0x7a250d5630b4cf539739df2c5dacb4c659f2488d
217,2024-08-18 20:47:59,0xb4e16d0168e52d35cacd2c6185b44281ec28c9dc,0x10b4c26105488f0624bf7f7b4f129b2083dbc72df8f5de22e0935cacda5a3d31,994,2024-08-18 20:47:59.000 UTC,20557999.0,1250000,469197461123616,0x7a250d5630b4cf539739df2c5dacb4c659f2488d
218,2024-08-19 00:18:23,0xb4e16d0168e52d35cacd2c6185b44281ec28c9dc,0x21b9f60f5ebf3a1977bb61746da131bb435d0752df1ebc8777f21c3da2c2186a,239,2024-08-19 00:18:23.000 UTC,20559048.0,7764969847581,2964929895695628520178,0x7a250d5630b4cf539739df2c5dacb4c659f2488d
219,2024-08-19 05:19:59,0xb4e16d0168e52d35cacd2c6185b44281ec28c9dc,0x84cdc093ba420659d8f39ad460edd9554d816e65ada190a45f963f678c154dc1,281,2024-08-19 05:19:59.000 UTC,20560542.0,10000000,3798234470225481,0x7a250d5630b4cf539739df2c5dacb4c659f2488d
220,2024-08-19 07:11:23,0xb4e16d0168e52d35cacd2c6185b44281ec28c9dc,0x15a6b7490555ad43f853cbf361a5c8539cc1006293162f10e83b732843699f47,285,2024-08-19 07:11:23.000 UTC,20561097.0,5000000,1904842375417866,0x7a250d5630b4cf539739df2c5dacb4c659f2488d
221,2024-08-19 07:12:11,0xb4e16d0168e52d35cacd2c6185b44281ec28c9dc,0x3c8530f14e9cdac2fd377b91cd085e10b318c7ac891ad3063711b88e6c8ece21,275,2024-08-19 07:12:11.000 UTC,20561101.0,5000000,1904833997943832,0x7a250d5630b4cf539739df2c5dacb4c659f2488d
222,2024-08-19 07:21:23,0xb4e16d0168e52d35cacd2c6185b44281ec28c9dc,0x86673513b22c5eda63be049d41ee345d044967b0eae8053fe28ab905244413fa,155,2024-08-19 07:21:23.000 UTC,20561147.0,5000000,1904804687958811,0x7a250d5630b4cf539739df2c5dacb4c659f2488d
223,2024-08-19 08:05:59,0xb4e16d0168e52d35cacd2c6185b44281ec28c9dc,0x537a297b1b7cd555a0af0bc3f70e626398f0b585f4d768e9fbeff7809b5d802e,216,2024-08-19 08:05:59.000 UTC,20561369.0,5000000,1907643982562813,0x7a250d5630b4cf539739df2c5dacb4c659f2488d
224,2024-08-19 08:12:47,0xb4e16d0168e52d35cacd2c6185b44281ec28c9dc,0xbd9e6597fab1354541a8761cdb61098e116412ad42b1c25f5459e48701418497,142,2024-08-19 08:12:47.000 UTC,20561402.0,5000000,1908594114150635,0x7a250d5630b4cf539739df2c5dacb4c659f2488d
225,2024-08-19 08:19:35,0xb4e16d0168e52d35cacd2c6185b44281ec28c9dc,0x42c521b876e3673c309ce28fb7e81e34de1998a8405396864fbd69397e9a04b1,255,2024-08-19 08:19:35.000 UTC,20561436.0,5000000,1908593815084271,0x7a250d5630b4cf539739df2c5dacb4c659f2488d
226,2024-08-19 08:24:35,0xb4e16d0168e52d35cacd2c6185b44281ec28c9dc,0x47a59f782a577efbc6b0c5761d039aa591f2a6f6a936e619ed9483280ff3f6a8,243,2024-08-19 08:24:35.000 UTC,20561461.0,5000000,1908504724966454,0x7a250d5630b4cf539739df2c5dacb4c659f2488d
227,2024-08-19 08:55:59,0xb4e16d0168e52d35cacd2c6185b44281ec28c9dc,0xe6717705565a7ecfdc69994c6083b4d90700d32ef84abbd8e3d8f26f643a3d53,92,2024-08-19 08:55:59.000 UTC,20561618.0,5000000,1908587757697552,0x7a250d5630b4cf539739df2c5dacb4c659f2488d
228,2024-08-19 08:57:35,0xb4e16d0168e52d35cacd2c6185b44281ec28c9dc,0x3e68012140107286bc87c1461ebcbd90a87cf0595e2a236a6d33d21ec0ddee72,244,2024-08-19 08:57:35.000 UTC,20561626.0,4999998,1908587757697552,0x7a250d5630b4cf539739df2c5dacb4c659f2488d
229,2024-08-19 09:00:59,0xb4e16d0168e52d35cacd2c6185b44281ec28c9dc,0xed761c723d2b4a9d7537ae856c3acfadfc60905ebab1af90e2a0960e47a0b386,282,2024-08-19 09:00:59.000 UTC,20561643.0,5000000,1908722732298081,0x7a250d5630b4cf539739df2c5dacb4c659f2488d
230,2024-08-19 09:03:47,0xb4e16d0168e52d35cacd2c6185b44281ec28c9dc,0xb509a36408e0792dcd4edfbf4aa6edd095c4ccc4da458f1638112c0ff82d8e31,800,2024-08-19 09:03:47.000 UTC,20561657.0,5000000,1909064722717450,0x7a250d5630b4cf539739df2c5dacb4c659f2488d
231,2024-08-19 09:58:11,0xb4e16d0168e52d35cacd2c6185b44281ec28c9dc,0xc8b0f48607a4b485fe9dd7dd318c9f68044a9d9cb30048731fa1397322d14eb6,228,2024-08-19 09:58:11.000 UTC,20561928.0,4996000,1932124212499500,0x7a250d5630b4cf539739df2c5dacb4c659f2488d
232,2024-08-19 09:59:35,0xb4e16d0168e52d35cacd2c6185b44281ec28c9dc,0x1d31e5891ad80d249ae855c6a4f902a4626a6232628e9928c0eb9a771aee7d66,158,2024-08-19 09:59:35.000 UTC,20561935.0,5000000,1933671126018723,0x7a250d5630b4cf539739df2c5dacb4c659f2488d
233,2024-08-19 10:09:23,0xb4e16d0168e52d35cacd2c6185b44281ec28c9dc,0x0d47d168a2e2800fa5e9c35255e8d11d0380f8f1b62c0b747ab0c403d2ccdca2,204,2024-08-19 10:09:23.000 UTC,20561984.0,5000000,1939640497831199,0x7a250d5630b4cf539739df2c5dacb4c659f2488d
234,2024-08-19 10:22:11,0xb4e16d0168e52d35cacd2c6185b44281ec28c9dc,0xdbe955b8e48a06bc8d8fecfda6a876c12dd2d08371a583a7edd6fdfba75838e8,397,2024-08-19 10:22:11.000 UTC,20562048.0,4999943,1939556810197430,0x7a250d5630b4cf539739df2c5dacb4c659f2488d
235,2024-08-19 11:37:11,0xb4e16d0168e52d35cacd2c6185b44281ec28c9dc,0xf8542f3ae00896712ce0b02dd2c0f56e7f9b07add5232700225e7df5c03db164,128,2024-08-19 11:37:11.000 UTC,20562421.0,5000000,1938132441211481,0x7a250d5630b4cf539739df2c5dacb4c659f2488d
236,2024-08-19 11:47:47,0xb4e16d0168e52d35cacd2c6185b44281ec28c9dc,0x59d8b6131647064b92d49301d4e5b71f3cb4fc0a100d2b9b0e0ab40fccb2d505,2627,2024-08-19 11:47:47.000 UTC,20562473.0,5000000,1938079501095055,0x7a250d5630b4cf539739df2c5dacb4c659f2488d
237,2024-08-19 11:49:23,0xb4e16d0168e52d35cacd2c6185b44281ec28c9dc,0x033d4cfd141b2f704923ff09f7170d1526721e0594a120c029fda51ac91986a3,2499,2024-08-19 11:49:23.000 UTC,20562481.0,5000000,1938079501095055,0x7a250d5630b4cf539739df2c5dacb4c659f2488d
238,2024-08-19 11:57:47,0xb4e16d0168e52d35cacd2c6185b44281ec28c9dc,0x8269aa115cdec8424af9750fd6499ace267c24a5fddab51dc4db6e42aad91fe4,221,2024-08-19 11:57:47.000 UTC,20562523.0,5000000,1938083718548314,0x7a250d5630b4cf539739df2c5dacb4c659f2488d
239,2024-08-19 12:24:23,0xb4e16d0168e52d35cacd2c6185b44281ec28c9dc,0x3b64bee694b12b1daf222c7150d359ec38fc25ba91a11c2cd95d56344ecda500,169,2024-08-19 12:24:23.000 UTC,20562655.0,5000000,1933552292320622,0x7a250d5630b4cf539739df2c5dacb4c659f2488d
240,2024-08-19 12:38:59,0xb4e16d0168e52d35cacd2c6185b44281ec28c9dc,0x3e5fe6b678d5d325160756788a13ff56d6519eafdce3936665fb30bdaec76a5a,282,2024-08-19 12:38:59.000 UTC,20562728.0,4999952,1933140312315457,0x7a250d5630b4cf539739df2c5dacb4c659f2488d
241,2024-08-19 12:40:47,0xb4e16d0168e52d35cacd2c6185b44281ec28c9dc,0xd10190c0b80ca96e0d82dee47904a7dfc06521ba89144b55fddea38e4644863c,211,2024-08-19 12:40:47.000 UTC,20562737.0,5000000,1933145007193093,0x7a250d5630b4cf539739df2c5dacb4c659f2488d
242,2024-08-19 13:08:23,0xb4e16d0168e52d35cacd2c6185b44281ec28c9dc,0x1a6148fe32af0fd377434004cd97791818311f6cf13ee0131baa442522e30975,236,2024-08-19 13:08:23.000 UTC,20562872.0,4999489,1932832296554528,0x7a250d5630b4cf539739df2c5dacb4c659f2488d
243,2024-08-19 13:21:35,0xb4e16d0168e52d35cacd2c6185b44281ec28c9dc,0xbd34adcd0c291e720e16be57e91680d57319ac42ff80f570ffb58241a6d0cb0a,263,2024-08-19 13:21:35.000 UTC,20562938.0,5000000,1922769585206801,0x7a250d5630b4cf539739df2c5dacb4c659f2488d
244,2024-08-19 13:23:59,0xb4e16d0168e52d35cacd2c6185b44281ec28c9dc,0xb2b94263b6ddd26bbd5fc382c4d87e49724515ab94aae43206f802b77c57209a,326,2024-08-19 13:23:59.000 UTC,20562950.0,5000000,1922747494482959,0x7a250d5630b4cf539739df2c5dacb4c659f2488d
245,2024-08-19 13:25:47,0xb4e16d0168e52d35cacd2c6185b44281ec28c9dc,0x2ee64e585831055da0c752dc30fbc119ffaf892802bf3e943baf8ff6e5203c3c,105,2024-08-19 13:25:47.000 UTC,20562959.0,1000000,384548180831859,0x7a250d5630b4cf539739df2c5dacb4c659f2488d
246,2024-08-19 14:32:35,0xb4e16d0168e52d35cacd2c6185b44281ec28c9dc,0xe638b65e8fc091513414e6995fb6d36aeb9d7a5477776ce39ca389d0f41ac172,282,2024-08-19 14:32:35.000 UTC,20563291.0,5000000,1940596997984218,0x7a250d5630b4cf539739df2c5dacb4c659f2488d
247,2024-08-19 14:46:35,0xb4e16d0168e52d35cacd2c6185b44281ec28c9dc,0x09b0de05234f9914fef165a6227ff4f942e1a68c31e7abd03abb6d11ecc6bb41,141,2024-08-19 14:46:35.000 UTC,20563361.0,5000000,1941072638766770,0x7a250d5630b4cf539739df2c5dacb4c659f2488d
248,2024-08-19 14:59:47,0xb4e16d0168e52d35cacd2c6185b44281ec28c9dc,0xc7431aa3e12786eb1736c8102564c20125838b46acc23dd401373524d46a3ea4,350,2024-08-19 14:59:47.000 UTC,20563427.0,520436506,201882349187972499,0x7a250d5630b4cf539739df2c5dacb4c659f2488d
249,2024-08-20 00:29:47,0xb4e16d0168e52d35cacd2c6185b44281ec28c9dc,0xbaa10a7c6f4216947c1206a4d5d1872672027d48fb1befc7343d0cef9ee37ff7,543,2024-08-20 00:29:47.000 UTC,20566263.0,7764969847581,2933301976591311546324,0x7a250d5630b4cf539739df2c5dacb4c659f2488d
250,2024-08-20 06:36:11,0xb4e16d0168e52d35cacd2c6185b44281ec28c9dc,0x2c04e4bd8550649060c7bd5cd24354103954eae037fb8536d151e895fb306bd6,149,2024-08-20 06:36:11.000 UTC,20568086.0,110426400,41109999652342082,0x7a250d5630b4cf539739df2c5dacb4c659f2488d
251,2024-08-20 08:04:11,0xb4e16d0168e52d35cacd2c6185b44281ec28c9dc,0x31ab443cf1f31f9d73c224c6c820736b5b1b3e61c31803f38625c523646b0ab8,250,2024-08-20 08:04:11.000 UTC,20568521.0,10000,3744276533600,0x7a250d5630b4cf539739df2c5dacb4c659f2488d
252,2024-08-21 00:37:11,0xb4e16d0168e52d35cacd2c6185b44281ec28c9dc,0xb5424bc061f37f69c7ce3541aa290d92cf79a6cfdee87253263e58b9002722a7,240,2024-08-21 00:37:11.000 UTC,20573456.0,7764969847581,3009302152487612719405,0x7a250d5630b4cf539739df2c5dacb4c659f2488d
253,2024-08-21 17:43:23,0xb4e16d0168e52d35cacd2c6185b44281ec28c9dc,0x936874f1a4ae7f63dcaf6411a719183377b4b1568eb44891ab1e0cf2341723ee,383,2024-08-21 17:43:23.000 UTC,20578563.0,999869,381505548890890,0x7a250d5630b4cf539739df2c5dacb4c659f2488d
254,2024-08-22 01:20:35,0xb4e16d0168e52d35cacd2c6185b44281ec28c9dc,0x002945cc149020e27acd48ac9dda87c20b31562b215a77253b9feda058cd4aba,171,2024-08-22 01:20:35.000 UTC,20580829.0,7764969847581,2950373009740862698426,0x7a250d5630b4cf539739df2c5dacb4c659f2488d
255,2024-08-22 06:30:23,0xb4e16d0168e52d35cacd2c6185b44281ec28c9dc,0xef8331290ff67a4da159394ee54befc5408878a4b8a49dc5a74014f9d5049989,266,2024-08-22 06:30:23.000 UTC,20582367.0,4999993,1905665438797577,0x7a250d5630b4cf539739df2c5dacb4c659f2488d
256,2024-08-22 06:47:23,0xb4e16d0168e52d35cacd2c6185b44281ec28c9dc,0x787cef17e081b176ab98ffdb483c21d0790bddfc49f2db8f2b5a10160ce64608,208,2024-08-22 06:47:23.000 UTC,20582452.0,5000000,1905603341562690,0x7a250d5630b4cf539739df2c5dacb4c659f2488d
257,2024-08-23 02:28:11,0xb4e16d0168e52d35cacd2c6185b44281ec28c9dc,0x96e7fc3b36bc2264b11cb656ec1c99fd62701adac985fd12a2cdb2fb30fff3b5,126,2024-08-23 02:28:11.000 UTC,20588324.0,11769971985942,4457557578592392187640,0x7a250d5630b4cf539739df2c5dacb4c659f2488d
258,2024-08-23 15:15:23,0xb4e16d0168e52d35cacd2c6185b44281ec28c9dc,0xfb54fb4568ebdc87d4f00c32f8328e73e1292302154dbb1b660cbd4a6af94a88,212,2024-08-23 15:15:23.000 UTC,20592130.0,49091659,18499847433559364,0x7a250d5630b4cf539739df2c5dacb4c659f2488d
259,2024-08-24 00:15:47,0xb4e16d0168e52d35cacd2c6185b44281ec28c9dc,0x57ca617c82cdac1497a8d7fa03ed4f3d6b841d6be28f308d477313e91e652b59,438,2024-08-24 00:15:47.000 UTC,20594820.0,12429761267876,4496420833051270667382,0x7a250d5630b4cf539739df2c5dacb4c659f2488d
260,2024-08-24 01:20:35,0xb4e16d0168e52d35cacd2c6185b44281ec28c9dc,0x04e91de1dd23a0ba856faf80a6ca84d4c0a6cbae7f05b4de8dc4f9b1d0f9d9ca,324,2024-08-24 01:20:35.000 UTC,20595140.0,66000000,23937949179755294,0x7a250d5630b4cf539739df2c5dacb4c659f2488d
261,2024-08-24 12:09:11,0xb4e16d0168e52d35cacd2c6185b44281ec28c9dc,0x190619b798f200530c5d94643cf662f07f0f38cf1f7e3f39c2198828f42e7743,319,2024-08-24 12:09:11.000 UTC,20598362.0,509966,184613374377179,0x7a250d5630b4cf539739df2c5dacb4c659f2488d
262,2024-08-24 22:04:35,0xb4e16d0168e52d35cacd2c6185b44281ec28c9dc,0x7effdba6af4424d072e5c32204e45f857e323f063d226218b19e8ed35b6747c0,329,2024-08-24 22:04:35.000 UTC,20601321.0,11874044703271,4319872136282707026663,0x7a250d5630b4cf539739df2c5dacb4c659f2488d
263,2024-08-25 17:53:47,0xb4e16d0168e52d35cacd2c6185b44281ec28c9dc,0xa9d83df6c5e3f5f0ddb0576fde1fa6db1f9a237b3ea9d8818e8802bdb7bc5da3,124,2024-08-25 17:53:47.000 UTC,20607220.0,7764969847581,2800885503441834851906,0x7a250d5630b4cf539739df2c5dacb4c659f2488d
264,2024-08-26 06:59:59,0xb4e16d0168e52d35cacd2c6185b44281ec28c9dc,0x1cd74c9d5955e183c0c871953ed685b56019ad500c469228be44b7e802f5e014,158,2024-08-26 06:59:59.000 UTC,20611134.0,11841729067466,4318005974115049643918,0x7a250d5630b4cf539739df2c5dacb4c659f2488d
265,2024-08-26 20:06:35,0xb4e16d0168e52d35cacd2c6185b44281ec28c9dc,0xbf889dcc371e52169b601e08f7fa9d54afd018aece6945f1dbeee4fd89bcdb46,145,2024-08-26 20:06:35.000 UTC,20615046.0,11474829013726,4273222668523289034516,0x7a250d5630b4cf539739df2c5dacb4c659f2488d
266,2024-08-27 09:13:47,0xb4e16d0168e52d35cacd2c6185b44281ec28c9dc,0x5b86845a3616ddeb62fa36855150d8c118845e11bbd1b830450d10c195be7849,547,2024-08-27 09:13:47.000 UTC,20618951.0,11141711560146,4150581223929193675392,0x7a250d5630b4cf539739df2c5dacb4c659f2488d
267,2024-08-27 21:33:47,0xb4e16d0168e52d35cacd2c6185b44281ec28c9dc,0x4b2fdb9e64eb4b74d3c2223727e2649e61d6db14c5e9eaa0a635b0eef547738e,252,2024-08-27 21:33:47.000 UTC,20622639.0,49981020,19547778822973209,0x7a250d5630b4cf539739df2c5dacb4c659f2488d
268,2024-08-27 23:16:35,0xb4e16d0168e52d35cacd2c6185b44281ec28c9dc,0xb95562dbdbdd5b19c64c8e48867ec75219b2fa975667415987239db12bc95345,275,2024-08-27 23:16:35.000 UTC,20623150.0,11690796652150,4754797300135782827062,0x7a250d5630b4cf539739df2c5dacb4c659f2488d
269,2024-08-28 18:13:47,0xb4e16d0168e52d35cacd2c6185b44281ec28c9dc,0x0e3141fbf6b041d56ef2cc36e3786483bc8e6e2731de05fd8cf573253a55469b,186,2024-08-28 18:13:47.000 UTC,20628804.0,11243861988928,4477983622908618781523,0x7a250d5630b4cf539739df2c5dacb4c659f2488d
270,2024-08-28 20:31:59,0xb4e16d0168e52d35cacd2c6185b44281ec28c9dc,0x30e6c0897fb8152a4a3da2852c1f08ae85fdbe73ef94bec94a07cae8e3b2f5b4,166,2024-08-28 20:31:59.000 UTC,20629492.0,74106182,29357647036507825,0x7a250d5630b4cf539739df2c5dacb4c659f2488d
271,2024-08-29 03:37:11,0xb4e16d0168e52d35cacd2c6185b44281ec28c9dc,0x12816f5e783d22f79ccb589bad79e997baf6f8c8ea042bbc65a93b4edffc38a0,169,2024-08-29 03:37:11.000 UTC,20631605.0,45402280,17982847679521471,0x7a250d5630b4cf539739df2c5dacb4c659f2488d
272,2024-08-29 06:34:23,0xb4e16d0168e52d35cacd2c6185b44281ec28c9dc,0xa8660b29a974538dd6d5d3e1fc0b2a666230822e3d35847d42d0baa344a5bdef,112,2024-08-29 06:34:23.000 UTC,20632480.0,7764969847581,3043152787359144650800,0x7a250d5630b4cf539739df2c5dacb4c659f2488d
273,2024-08-29 19:44:23,0xb4e16d0168e52d35cacd2c6185b44281ec28c9dc,0x17ba7a77a4d9029e73c6baab96a5253c1c4e12fb712b50bee04fad71a0bd7039,116,2024-08-29 19:44:23.000 UTC,20636408.0,11312359134861,4465715651246563117488,0x7a250d5630b4cf539739df2c5dacb4c659f2488d
274,2024-08-30 06:42:11,0xb4e16d0168e52d35cacd2c6185b44281ec28c9dc,0x15e2743ae5b5182813fc6d46096e3f3470b8cde969c8de5c72833d7a0d9bca9c,238,2024-08-30 06:42:11.000 UTC,20639671.0,12139424385320,4827427925760024085924,0x7a250d5630b4cf539739df2c5dacb4c659f2488d
275,2024-08-30 17:40:35,0xb4e16d0168e52d35cacd2c6185b44281ec28c9dc,0xb1881e9266e04279c7059a4cea3071805e3640c7c7e465c634732790312dc17d,264,2024-08-30 17:40:35.000 UTC,20642947.0,12140913588658,4933948648141548659193,0x7a250d5630b4cf539739df2c5dacb4c659f2488d
276,2024-08-31 04:00:47,0xb4e16d0168e52d35cacd2c6185b44281ec28c9dc,0x97e1be8335ee37771c892e6d90aff113d4d108d5d2885cd42b6bde8af165227b,205,2024-08-31 04:00:47.000 UTC,20646027.0,7764969847581,3076400604773127854651,0x7a250d5630b4cf539739df2c5dacb4c659f2488d
277,2024-08-31 14:17:47,0xb4e16d0168e52d35cacd2c6185b44281ec28c9dc,0x51edac5aa496f7873abc88f658b64cce0f8848b56679fb6d0b2f42fa1fdbb3e5,275,2024-08-31 14:17:47.000 UTC,20649094.0,7764969847581,3080491032957519594483,0x7a250d5630b4cf539739df2c5dacb4c659f2488d
278,2024-09-01 00:13:35,0xb4e16d0168e52d35cacd2c6185b44281ec28c9dc,0x37c118546ec7d6b918b19349c056f06b7c5e8786f391bed804025af11830a248,924,2024-09-01 00:13:35.000 UTC,20652061.0,7764969847581,3085616325864846004885,0x7a250d5630b4cf539739df2c5dacb4c659f2488d
279,2024-09-01 10:02:59,0xb4e16d0168e52d35cacd2c6185b44281ec28c9dc,0x808f45e226e6d9ce1ea446d859f543321aa0d445ff75d59f3ff2c2762543d90d,64,2024-09-01 10:02:59.000 UTC,20654999.0,7764969847581,3123647941736823498193,0x7a250d5630b4cf539739df2c5dacb4c659f2488d
280,2024-09-01 16:40:23,0xb4e16d0168e52d35cacd2c6185b44281ec28c9dc,0x8fe320527c488696dd1956990e820a0c1d265bf4270b654dd26dec5c98fed492,480,2024-09-01 16:40:23.000 UTC,20656976.0,12094987237923,4889552727419584424858,0x7a250d5630b4cf539739df2c5dacb4c659f2488d
281,2024-09-01 21:36:59,0xb4e16d0168e52d35cacd2c6185b44281ec28c9dc,0x10ba5acc75a1568a7969c3d219c7bcb829a201d8e46d72bf42e04765321dab46,260,2024-09-01 21:36:59.000 UTC,20658445.0,12127801711875,4889184348868476312498,0x7a250d5630b4cf539739df2c5dacb4c659f2488d
282,2024-09-02 01:15:35,0xb4e16d0168e52d35cacd2c6185b44281ec28c9dc,0xcce523fd5669398de3c823bde32e7be24f5aaebbea932f21c6bf1b6fdd6aa556,253,2024-09-02 01:15:35.000 UTC,20659534.0,12188425101708,4999760962852742273848,0x7a250d5630b4cf539739df2c5dacb4c659f2488d
283,2024-09-02 05:04:35,0xb4e16d0168e52d35cacd2c6185b44281ec28c9dc,0xcf1ca4c450cfcf9401c4edbcfaeff69a175820a704f7efc012fde155017d7738,202,2024-09-02 05:04:35.000 UTC,20660676.0,12233456796162,5009806836678203616814,0x7a250d5630b4cf539739df2c5dacb4c659f2488d
284,2024-09-02 10:34:59,0xb4e16d0168e52d35cacd2c6185b44281ec28c9dc,0x27e8f0f57955a4a5fe4fd4d0a91c467e4dc449ed48201a24d8ba9bca7251e0a1,56,2024-09-02 10:34:59.000 UTC,20662323.0,2866,1133003461947,0x7a250d5630b4cf539739df2c5dacb4c659f2488d
285,2024-09-02 22:20:23,0xb4e16d0168e52d35cacd2c6185b44281ec28c9dc,0xa4a9c7ab749130ba842b3e7f822ee67603d79c9b867fc0f6297aecf54fa9440d,155,2024-09-02 22:20:23.000 UTC,20665831.0,12019588229362,4724826496593386167891,0x7a250d5630b4cf539739df2c5dacb4c659f2488d
286,2024-09-03 03:22:47,0xb4e16d0168e52d35cacd2c6185b44281ec28c9dc,0x8258b45284e55568610009cc0ffab5380a28509c0132e47a30e429ac01c437f9,298,2024-09-03 03:22:47.000 UTC,20667337.0,12080358734681,4774044341583615922100,0x7a250d5630b4cf539739df2c5dacb4c659f2488d
287,2024-09-03 17:06:23,0xb4e16d0168e52d35cacd2c6185b44281ec28c9dc,0xeda35ddb2d763a0283f0d2ad955fd55ea87e6ede3d094b65d4c14f0938931820,341,2024-09-03 17:06:23.000 UTC,20671435.0,11751956031128,4809283101830198834718,0x7a250d5630b4cf539739df2c5dacb4c659f2488d
288,2024-09-03 22:32:23,0xb4e16d0168e52d35cacd2c6185b44281ec28c9dc,0xa36bff4dbc1f42d5158aa0a63455d62d7f610f2d424746d5d0e2d4f8de5c9128,359,2024-09-03 22:32:23.000 UTC,20673062.0,12202278166722,4959478416196722236338,0x7a250d5630b4cf539739df2c5dacb4c659f2488d
289,2024-09-04 03:52:23,0xb4e16d0168e52d35cacd2c6185b44281ec28c9dc,0x01a961cba6df43332b52a4df9911ef27c6ce20b386e2b0ff82a3c514d9989555,271,2024-09-04 03:52:23.000 UTC,20674649.0,11847502021871,4989737088601014456724,0x7a250d5630b4cf539739df2c5dacb4c659f2488d
290,2024-09-04 21:56:59,0xb4e16d0168e52d35cacd2c6185b44281ec28c9dc,0x8478e0571a13eebd965ddc3baa5ed4930f7578cbec0dd6f5be2f53ee1d4e8f1c,158,2024-09-04 21:56:59.000 UTC,20680049.0,7844217,3192368114994357,0x7a250d5630b4cf539739df2c5dacb4c659f2488d
291,2024-09-04 23:35:59,0xb4e16d0168e52d35cacd2c6185b44281ec28c9dc,0xe484a9f59144480789a7cea46ceacad8299ee4f313cc4098d2fb7f60b2774f4e,195,2024-09-04 23:35:59.000 UTC,20680543.0,12667509863042,5144582124374907694953,0x7a250d5630b4cf539739df2c5dacb4c659f2488d
292,2024-09-05 09:27:59,0xb4e16d0168e52d35cacd2c6185b44281ec28c9dc,0x2446ff68b0b499ebd87d91cec63f6bb49ffec9c37dbfb73fc3fb882a67dc9eb2,142,2024-09-05 09:27:59.000 UTC,20683485.0,2000000000,834649877971429559,0x02539d06ff57ef914931308395720bd717f6020f
293,2024-09-05 09:27:59,0xb4e16d0168e52d35cacd2c6185b44281ec28c9dc,0x2446ff68b0b499ebd87d91cec63f6bb49ffec9c37dbfb73fc3fb882a67dc9eb2,165,2024-09-05 09:27:59.000 UTC,20683485.0,62562545,26108985445429681,0x7a250d5630b4cf539739df2c5dacb4c659f2488d
294,2024-09-05 18:39:47,0xb4e16d0168e52d35cacd2c6185b44281ec28c9dc,0x265da8151e2bfce7f264357140a8792ef182347948994587635e888e80a00f07,107,2024-09-05 18:39:47.000 UTC,20686235.0,12518511435104,5239786420835854917839,0x7a250d5630b4cf539739df2c5dacb4c659f2488d
295,2024-09-06 01:29:11,0xb4e16d0168e52d35cacd2c6185b44281ec28c9dc,0xeb4f63405a79f50ad9e88b10348deb70475523f69b3db82bef0654f09c53d737,186,2024-09-06 01:29:11.000 UTC,20688274.0,12378168595062,5216572418371736619597,0x7a250d5630b4cf539739df2c5dacb4c659f2488d
296,2024-09-06 02:52:35,0xb4e16d0168e52d35cacd2c6185b44281ec28c9dc,0xff50bb26ec7f5c49e4ec318be79d160f8bc0adb261739f8889942795b0fdaa02,993,2024-09-06 02:52:35.000 UTC,20688687.0,2401261,1000000000000000,0x7a250d5630b4cf539739df2c5dacb4c659f2488d
297,2024-09-06 14:27:47,0xb4e16d0168e52d35cacd2c6185b44281ec28c9dc,0xd9abd77630d41cd556913723835b857d59f4341c7be690fba95437b6d46e423a,81,2024-09-06 14:27:47.000 UTC,20692147.0,256784396333,110002672550128288671,0x7a250d5630b4cf539739df2c5dacb4c659f2488d
298,2024-09-06 21:49:47,0xb4e16d0168e52d35cacd2c6185b44281ec28c9dc,0x008e909dd741103cf41211f1ecee657c9cde3cc8a8e1c32b8d5ccb4b617ee98b,476,2024-09-06 21:49:47.000 UTC,20694344.0,11624591001591,5266315359376208598912,0x7a250d5630b4cf539739df2c5dacb4c659f2488d
299,2024-09-07 04:47:23,0xb4e16d0168e52d35cacd2c6185b44281ec28c9dc,0x755a4f859d9a56cff9f51aa8406c5be49dc4abb8f9930152a960bb27e29650a3,188,2024-09-07 04:47:23.000 UTC,20696425.0,12142657669143,5429054813119186518561,0x7a250d5630b4cf539739df2c5dacb4c659f2488d
300,2024-09-07 14:43:35,0xb4e16d0168e52d35cacd2c6185b44281ec28c9dc,0x30f93223407dea264d8d6d6f618732d32666305d0d1594716da97dbab3c989b4,88,2024-09-07 14:43:35.000 UTC,20699397.0,59998,26192253154187,0x7a250d5630b4cf539739df2c5dacb4c659f2488d
301,2024-09-07 18:00:35,0xb4e16d0168e52d35cacd2c6185b44281ec28c9dc,0xd198dc9bba9d04c242df29d3b6186f6e0d3c96dbd91828490255b8d99f0ea82e,111,2024-09-07 18:00:35.000 UTC,20700379.0,2271,999644169123,0x7a250d5630b4cf539739df2c5dacb4c659f2488d
302,2024-09-07 22:50:23,0xb4e16d0168e52d35cacd2c6185b44281ec28c9dc,0x63d44004d0c67ad12bf9b15ad1efc458eb1559202d1ab0cd05ef3cbcf99cc638,164,2024-09-07 22:50:23.000 UTC,20701825.0,7764969847581,3423799560345443070837,0x7a250d5630b4cf539739df2c5dacb4c659f2488d
303,2024-09-07 23:26:59,0xb4e16d0168e52d35cacd2c6185b44281ec28c9dc,0x241b7b31d8ad91201753e3e940c8a4d9b96a073be0d69ccc3b73cc4bf8ec6df9,167,2024-09-07 23:26:59.000 UTC,20702008.0,60100000,26531906548283586,0x7a250d5630b4cf539739df2c5dacb4c659f2488d
304,2024-09-08 10:44:23,0xb4e16d0168e52d35cacd2c6185b44281ec28c9dc,0xcdc7786ebe0707847402250b724edae5a6d0169e97e72f0cd3b832a1f275d914,85,2024-09-08 10:44:23.000 UTC,20705378.0,7764969847581,3373739688339377893820,0x7a250d5630b4cf539739df2c5dacb4c659f2488d
305,2024-09-08 13:21:59,0xb4e16d0168e52d35cacd2c6185b44281ec28c9dc,0xb92ae03a55feae572f9379aef7c76791c70367a9a3e9ffc74612452bd4433ce3,233,2024-09-08 13:21:59.000 UTC,20706157.0,22947978,10094446582094774,0x7a250d5630b4cf539739df2c5dacb4c659f2488d
306,2024-09-08 14:05:47,0xb4e16d0168e52d35cacd2c6185b44281ec28c9dc,0xbb502fcc788cc7407af33889735d5be71f91d9c8e01db9361da14bdcfa8b3590,311,2024-09-08 14:05:47.000 UTC,20706376.0,4000000,1755482728497560,0x7a250d5630b4cf539739df2c5dacb4c659f2488d
307,2024-09-08 19:11:47,0xb4e16d0168e52d35cacd2c6185b44281ec28c9dc,0x16e5d1ffe4f235045462c70357971350a245d2c3b69d51328b7f71411a3bfc66,363,2024-09-08 19:11:47.000 UTC,20707895.0,12541671986981,5508202515562289210378,0x7a250d5630b4cf539739df2c5dacb4c659f2488d
308,2024-09-09 00:42:59,0xb4e16d0168e52d35cacd2c6185b44281ec28c9dc,0x3c2fc8d68deb821cdbed618661a51c179cc0e14679fd2233c794f91b1605fe70,439,2024-09-09 00:42:59.000 UTC,20709541.0,12554196205853,5445620404385535449222,0x7a250d5630b4cf539739df2c5dacb4c659f2488d
309,2024-09-09 20:55:59,0xb4e16d0168e52d35cacd2c6185b44281ec28c9dc,0xd0ab4df4808bd44ba569a5994e3f9c1ef1a72b08ef5622b02afcd8db224e1261,193,2024-09-09 20:55:59.000 UTC,20715578.0,12675559983432,5404029311446465784909,0x7a250d5630b4cf539739df2c5dacb4c659f2488d
310,2024-09-10 00:44:23,0xb4e16d0168e52d35cacd2c6185b44281ec28c9dc,0x57ba1dc3c00c9d15df93b069783ef935f2647b5cd7c32a72f4bc980e7ca92d5d,795,2024-09-10 00:44:23.000 UTC,20716716.0,50000000,21307192832608504,0x7a250d5630b4cf539739df2c5dacb4c659f2488d
311,2024-09-10 03:09:59,0xb4e16d0168e52d35cacd2c6185b44281ec28c9dc,0x8483d4b6e6be269253f203eacdfb4cba73d66da942a2e7df0d1c921cd653ac8a,156,2024-09-10 03:09:59.000 UTC,20717441.0,31316514,13363957579058790,0x7a250d5630b4cf539739df2c5dacb4c659f2488d
312,2024-09-10 09:33:47,0xb4e16d0168e52d35cacd2c6185b44281ec28c9dc,0x6ae4372c60f3b6cc813c3291ba1e29d97c0ec4e45c2461598eb2111b3c5b4d74,312,2024-09-10 09:33:47.000 UTC,20719347.0,12744805488814,5418748107119054363190,0x7a250d5630b4cf539739df2c5dacb4c659f2488d
313,2024-09-10 23:46:59,0xb4e16d0168e52d35cacd2c6185b44281ec28c9dc,0xd0f538ef38384a2d822d7ab083b90e2133cfa3a4c026bacb63c7173a9d04430f,352,2024-09-10 23:46:59.000 UTC,20723584.0,13039432525450,5452322775892828089626,0x7a250d5630b4cf539739df2c5dacb4c659f2488d
314,2024-09-11 09:47:59,0xb4e16d0168e52d35cacd2c6185b44281ec28c9dc,0x15dce1df45c7d642ab1a9f3bd050164baebac354b6b46d463259fb7cd626a921,473,2024-09-11 09:47:59.000 UTC,20726575.0,12852487002835,5520871248640615323730,0x7a250d5630b4cf539739df2c5dacb4c659f2488d
315,2024-09-11 22:41:59,0xb4e16d0168e52d35cacd2c6185b44281ec28c9dc,0x841fb379a8cd16dabc6153a553e5e7d5fdbb0fc176a3a440a350dffe6b15ad0e,290,2024-09-11 22:41:59.000 UTC,20730421.0,12787636631801,5460595255680700031944,0x7a250d5630b4cf539739df2c5dacb4c659f2488d
316,2024-09-11 22:49:11,0xb4e16d0168e52d35cacd2c6185b44281ec28c9dc,0x4c6ac00f988d7c15abf0b12e4b491bfa5e4cea3cf407449bbc507530a4437a53,416,2024-09-11 22:49:11.000 UTC,20730457.0,491764745,209999999934898599,0x7a250d5630b4cf539739df2c5dacb4c659f2488d
317,2024-09-12 13:12:23,0xb4e16d0168e52d35cacd2c6185b44281ec28c9dc,0xde05607b15931630b4745eaffdbf3de8235745b8da94cc3ba934d855b8f3df6b,235,2024-09-12 13:12:23.000 UTC,20734749.0,12867113112627,5483932565402798905125,0x7a250d5630b4cf539739df2c5dacb4c659f2488d
318,2024-09-13 01:59:11,0xb4e16d0168e52d35cacd2c6185b44281ec28c9dc,0x55c99d9a486a0d5757c910610b6ccaf04d9cfb27ae1c8945c71c25da0745ed44,783,2024-09-13 01:59:11.000 UTC,20738560.0,12893664945332,5463545596281076817051,0x7a250d5630b4cf539739df2c5dacb4c659f2488d
319,2024-09-13 18:48:47,0xb4e16d0168e52d35cacd2c6185b44281ec28c9dc,0x4090a6ac1dce1f21e08139fafc33c9be252e81c5c895016b03e242147c90a2a8,174,2024-09-13 18:48:47.000 UTC,20743584.0,12816362583957,5291377214507826335492,0x7a250d5630b4cf539739df2c5dacb4c659f2488d
320,2024-09-15 00:44:35,0xb4e16d0168e52d35cacd2c6185b44281ec28c9dc,0x781de37e681412c15fc3e2b1119d393f9f75718e100b0202e1353510a8470e14,233,2024-09-15 00:44:35.000 UTC,20752510.0,7764969847581,3212753949514041517890,0x7a250d5630b4cf539739df2c5dacb4c659f2488d
321,2024-09-15 12:41:35,0xb4e16d0168e52d35cacd2c6185b44281ec28c9dc,0xb8106917494c931c12ec2a4675d3594211fd54a178201671888c0b139dcb7a78,602,2024-09-15 12:41:35.000 UTC,20756083.0,13388935538222,5555946996039612555906,0x7a250d5630b4cf539739df2c5dacb4c659f2488d
322,2024-09-15 21:45:11,0xb4e16d0168e52d35cacd2c6185b44281ec28c9dc,0xde6deca7f7e3a9950ff4ade3df92533c8aeaec8eb543d876de62b19599d606fd,214,2024-09-15 21:45:11.000 UTC,20758793.0,12907572108857,5506153498650069946773,0x7a250d5630b4cf539739df2c5dacb4c659f2488d
323,2024-09-16 05:33:11,0xb4e16d0168e52d35cacd2c6185b44281ec28c9dc,0xd0076bf53f64bb54051e978c9a4e1a6bc153a35c3ae5834451ff80105aa2b1e9,130,2024-09-16 05:33:11.000 UTC,20761120.0,12527918343935,5473673714999489993873,0x7a250d5630b4cf539739df2c5dacb4c659f2488d
324,2024-09-17 06:22:59,0xb4e16d0168e52d35cacd2c6185b44281ec28c9dc,0x56b86a73ae67467cb1db55698c2c3b41e94275580d44799a1dc1d3ba84dde130,423,2024-09-17 06:22:59.000 UTC,20768511.0,7764969847581,3382913788530214077640,0x7a250d5630b4cf539739df2c5dacb4c659f2488d
325,2024-09-18 23:21:23,0xb4e16d0168e52d35cacd2c6185b44281ec28c9dc,0x12d0b934bd013a4a8540b6a955e38d13ab516c312c5a9c2afc2480906b925dd2,337,2024-09-18 23:21:23.000 UTC,20780724.0,7764969847581,3312104175516199971739,0x7a250d5630b4cf539739df2c5dacb4c659f2488d
326,2024-09-19 14:46:59,0xb4e16d0168e52d35cacd2c6185b44281ec28c9dc,0xa7cf52a6a0a3b48c95d7b51f4cab6ea376690a27a4a5da05c71f726f2dea7b08,442,2024-09-19 14:46:59.000 UTC,20785330.0,2000000,822157729221988,0x7a250d5630b4cf539739df2c5dacb4c659f2488d
327,2024-09-19 14:52:11,0xb4e16d0168e52d35cacd2c6185b44281ec28c9dc,0x93113ae278929add222ec7579e8d9bc8b033b5ece0bef0127e32e34d5c3e860d,299,2024-09-19 14:52:11.000 UTC,20785356.0,4000000,1644991534000863,0x7a250d5630b4cf539739df2c5dacb4c659f2488d
328,2024-09-21 10:28:11,0xb4e16d0168e52d35cacd2c6185b44281ec28c9dc,0x8dea27d16c2ac924448945bdd68daecce1c59eaa3f4e4df37e79cb3baa89663c,373,2024-09-21 10:28:11.000 UTC,20798354.0,13439578441087,5265966091845245087308,0x7a250d5630b4cf539739df2c5dacb4c659f2488d
329,2024-09-21 10:33:11,0xb4e16d0168e52d35cacd2c6185b44281ec28c9dc,0x948802ec8fdb4369d752dcd0380e7125e34510c569b62be5e4da6dff21c7f8ca,341,2024-09-21 10:33:11.000 UTC,20798379.0,383800867691,150410916150720807739,0x7a250d5630b4cf539739df2c5dacb4c659f2488d
330,2024-09-21 11:24:23,0xb4e16d0168e52d35cacd2c6185b44281ec28c9dc,0x3547f3acee54b03beb7e0ef5ace4d78045b5b504538c375b9060e261bf0e36f4,162,2024-09-21 11:24:23.000 UTC,20798633.0,255477,100253686510612,0x7a250d5630b4cf539739df2c5dacb4c659f2488d
331,2024-09-24 04:33:59,0xb4e16d0168e52d35cacd2c6185b44281ec28c9dc,0xedb60fbff6645470430be0cbb5cee4b6a579dbd51e9a65a83952a4803c299bd6,289,2024-09-24 04:33:59.000 UTC,20818089.0,7764969847581,2959100053633861274956,0x7a250d5630b4cf539739df2c5dacb4c659f2488d
332,2024-09-25 07:13:23,0xb4e16d0168e52d35cacd2c6185b44281ec28c9dc,0x91bae26beda2270941e9d8e8e96b65b71d8994979fad8c16f0cffaf9d9e83f49,100,2024-09-25 07:13:23.000 UTC,20826058.0,3929709,1500000000000000,0x7a250d5630b4cf539739df2c5dacb4c659f2488d
333,2024-09-26 03:22:47,0xb4e16d0168e52d35cacd2c6185b44281ec28c9dc,0xcd65a35b23f0e136bbeda99c161488788e1f8aa55c82b01ba631be6be3869146,221,2024-09-26 03:22:47.000 UTC,20832070.0,19788927,7625735370973909,0x7a250d5630b4cf539739df2c5dacb4c659f2488d
334,2024-09-27 00:54:35,0xb4e16d0168e52d35cacd2c6185b44281ec28c9dc,0x8cd2942948ab0feae3cb00e16d9c9775d511b729360931335b85ce87a238fd89,699,2024-09-27 00:54:35.000 UTC,20838503.0,7764969847581,2947486585929221472224,0x7a250d5630b4cf539739df2c5dacb4c659f2488d
335,2024-09-27 13:50:47,0xb4e16d0168e52d35cacd2c6185b44281ec28c9dc,0xba25c19bbc1cfb8717d0ff8edbce2b54d8cd2470162ff4760a78ede85935b0ea,315,2024-09-27 13:50:47.000 UTC,20842371.0,9999935,3770051474700966,0x7a250d5630b4cf539739df2c5dacb4c659f2488d
336,2024-09-28 22:38:35,0xb4e16d0168e52d35cacd2c6185b44281ec28c9dc,0xf8577f6983ab1612b49dbba12c545e3b4ac15a4218e1040d0ce6ca6cee34777c,424,2024-09-28 22:38:35.000 UTC,20852167.0,7764969847581,2908237507074597500657,0x7a250d5630b4cf539739df2c5dacb4c659f2488d
337,2024-09-29 04:02:59,0xb4e16d0168e52d35cacd2c6185b44281ec28c9dc,0x77f1c560fc2f3099e89b4d0b4216b2ac0c93967d002d7b63f12e294c56ac53bd,576,2024-09-29 04:02:59.000 UTC,20853781.0,5000000,1869217323643781,0x7a250d5630b4cf539739df2c5dacb4c659f2488d
338,2024-09-29 09:09:23,0xb4e16d0168e52d35cacd2c6185b44281ec28c9dc,0xa88d07181221ce6f91268c2a8ed68fa4c7dcec1e3a6cd507d51a552f953abbe6,405,2024-09-29 09:09:23.000 UTC,20855304.0,105809556,39998957082887209,0x7a250d5630b4cf539739df2c5dacb4c659f2488d
